wavelength,EYFP ex,EYFP em,EYFP 2p,ECFP ex,ECFP em,ECFP 2p,ECFP ab,mApple ex,mApple em
300,,,,0.2614,,,,0.2221,
301,,,,0.2376,,,,0.1939,
302,,,,0.2161,,,,0.1852,
303,,,,0.1955,,,,0.1502,
304,,,,0.1766,,,,0.1539,
305,,,,0.1602,,,,0.1307,
306,,,,0.1468,,,,0.1241,
307,,,,0.1355,,,,0.1064,
308,,,,0.1275,,,,0.1047,
309,,,,0.1183,,,,0.0964,
310,,,,0.1123,,,,0.0893,
311,,,,0.1075,,,,0.0956,
312,,,,0.1015,,,,0.0947,
313,,,,0.0972,,,,0.0998,
314,,,,0.0937,,,,0.1023,
315,,,,0.0912,,,,0.1048,
316,,,,0.0874,,,,0.1072,
317,,,,0.0842,,,,0.1097,
318,,,,0.0823,,,,0.1122,
319,,,,0.08,,,,0.1147,
320,,,,0.0787,,,,0.1172,
321,,,,0.0766,,,,0.1161,
322,,,,0.0736,,,,0.1213,
323,,,,0.0733,,,,0.1264,
324,,,,0.0721,,,,0.1316,
325,,,,0.0708,,,,0.141,
326,,,,0.0685,,,,0.1504,
327,,,,0.0675,,,,0.1492,
328,,,,0.0674,,,,0.1537,
329,,,,0.0649,,,,0.1583,
330,,,,0.0639,,,,0.1628,
331,,,,0.0637,,,,0.17,
332,,,,0.061,,,,0.1771,
333,,,,0.0615,,,,0.1862,
334,,,,0.0618,,,,0.1953,
335,,,,0.0598,,,,0.2044,
336,,,,0.0603,,,,0.2312,
337,,,,0.0609,,,,0.2359,
338,,,,0.0592,,,,0.2487,
339,,,,0.0596,,,,0.2618,
340,,,,0.0604,,,,0.2663,
341,,,,0.0596,,,,0.2617,
342,,,,0.0597,,,,0.2595,
343,,,,0.06,,,,0.2591,
344,,,,0.0602,,,,0.2514,
345,,,,0.0614,,,,0.2432,
346,,,,0.0618,,,,0.2413,
347,,,,0.0616,,,,0.2314,
348,,,,0.0615,,,,0.2069,
349,,,,0.0612,,,,0.2035,
350,0.0484,,,0.0626,,,,0.1797,
351,0.0483,,,0.0622,,,,0.1764,
352,0.0484,,,0.0652,,,,0.1586,
353,0.049,,,0.0706,,,,0.1622,
354,0.0497,,,0.0681,,,,0.1438,
355,0.0494,,,0.0685,,,,0.1475,
356,0.0504,,,0.071,,,,0.1295,
357,0.0508,,,0.074,,,,0.1291,
358,0.0514,,,0.0759,,,,0.1316,
359,0.0514,,,0.0778,,,,0.1316,
360,0.0514,,,0.0785,,,,0.1252,
361,0.0514,,,0.082,,,,0.1237,
362,0.0514,,,0.0828,,,,0.1222,
363,0.0514,,,0.0852,,,,0.1206,
364,0.0514,,,0.0894,,,,0.1202,
365,0.0514,,,0.092,,,,0.1192,
366,0.0514,,,0.095,,,,0.1158,
367,0.0514,,,0.0994,,,,0.1124,
368,0.0519,,,0.101,,,,0.109,
369,0.0532,,,0.1063,,,,0.1095,
370,0.0534,,,0.1103,,,,0.0962,
371,0.0534,,,0.1156,,,,0.0936,
372,0.0534,,,0.1198,,,,0.0929,
373,0.0536,,,0.1248,,,,0.081,
374,0.0541,,,0.1306,,,,0.0806,
375,0.0547,,,0.1374,,,,0.0802,
376,0.0546,,,0.1431,,,,0.0748,
377,0.0551,,,0.1512,,,,0.0695,
378,0.056,,,0.1576,,,,0.0641,
379,0.0556,,,0.1666,,,,0.0638,
380,0.0557,,,0.1741,,,,0.0603,
381,0.0566,,,0.1823,,,,0.054,
382,0.0572,,,0.1912,,,,0.0483,
383,0.0572,,,0.2008,,,,0.0493,
384,0.0586,,,0.2098,,,,0.0462,
385,0.0582,,,0.2192,,,,0.0431,
386,0.0591,,,0.2304,,,,0.0401,
387,0.0602,,,0.2412,,,,0.037,
388,0.0603,,,0.2506,,,,0.038,
389,0.0594,,,0.262,,,,0.0336,
390,0.0595,,,0.273,,,,0.0277,
391,0.0615,,,0.2857,,,,0.0245,
392,0.062,,,0.2984,,,,0.0229,
393,0.0604,,,0.311,,,,0.0219,
394,0.0589,,,0.3248,,,,0.0209,
395,0.059,,,0.3392,,,,0.0196,
396,0.0597,,,0.3535,,,,0.018,
397,0.0601,,,0.3695,,,,0.0163,
398,0.0605,,,0.3853,,,,0.0149,
399,0.0569,,,0.402,,,,0.0138,
400,0.0572,,,0.4191,,,,0.0125,
401,0.0575,,,0.4362,,,,0.0094,
402,0.0575,,,0.4549,,,,0.007,
403,0.0562,,,0.4727,,,,0.0069,
404,0.0574,,,0.4903,,,,0.0069,
405,0.0572,,,0.509,,,,0.0069,
406,0.0545,,,0.5266,,,,0.0069,
407,0.0526,,,0.5446,,,,0.0069,
408,0.0551,,,0.5625,,,,0.0069,
409,0.0538,,,0.5797,,,,0.0069,
410,0.0525,,,0.5965,,,,0.0069,
411,0.0517,,,0.6136,,,,0.0069,
412,0.0522,,,0.6297,,,,0.0072,
413,0.051,,,0.6475,,,,0.0092,
414,0.0478,,,0.6633,,,,0.0118,
415,0.048,,,0.6803,,,,0.013,
416,0.0472,,,0.6976,,,,0.0111,
417,0.0451,,,0.7161,,,,0.0067,
418,0.0448,,,0.7346,,,,0.007,
419,0.0435,,,0.7541,,,,0.0069,
420,0.0428,,,0.7724,,,,0.0074,
421,0.0425,,,0.7933,,,,0.0082,
422,0.039,,,0.8134,,,,0.0093,
423,0.0368,,,0.834,,,,0.0101,
424,0.0351,,,0.8553,,,,0.0104,
425,0.0356,,,0.876,,,,0.0103,
426,0.035,,,0.8957,,,,0.0107,
427,0.0352,,,0.9156,,,,0.0117,
428,0.0333,,,0.9333,,,,0.013,
429,0.0344,,,0.9491,,,,0.0142,
430,0.0337,,,0.9647,,,,0.0152,
431,0.0304,,,0.9764,,,,0.0156,
432,0.0302,,,0.9865,,,,0.0156,
433,0.0355,,,0.9937,0.0036,,,0.0155,
434,0.0329,,,0.9981,0.0037,,,0.0166,
435,0.0328,,,1.0,0.0044,,,0.0188,
436,0.0349,,,0.9997,0.0056,,,0.0206,
437,0.0351,,,0.9968,0.0042,,,0.0208,
438,0.0365,,,0.9936,0.0049,,,0.0207,
439,0.0382,,,0.9895,0.0051,,,0.0212,
440,0.0397,,,0.9838,0.0065,,,0.0191,
441,0.0447,,,0.9785,0.0065,,,0.0167,
442,0.0433,,,0.9732,0.0079,,,0.0181,
443,0.0461,,,0.9683,0.0093,,,0.0245,
444,0.0481,,,0.9649,0.0111,,,0.0289,
445,0.0505,,,0.9616,0.013,,,0.0294,
446,0.0539,,,0.96,0.0159,,,0.0264,
447,0.056,,,0.9594,0.0188,,,0.0233,
448,0.0601,,,0.9598,0.023,,,0.0259,
449,0.0631,,,0.9603,0.0294,,,0.0352,
450,0.0642,,,0.9617,0.035,,,0.0382,
451,0.0678,,,0.962,0.0433,,,0.0382,
452,0.0725,,,0.9619,0.0539,,,0.0411,
453,0.0753,,,0.96,0.0663,,,0.0456,
454,0.0791,,,0.9565,0.0817,,,0.0484,
455,0.0843,,,0.9494,0.1014,,,0.048,
456,0.086,,,0.9402,0.1241,,,0.0485,
457,0.092,,,0.926,0.1495,,,0.0484,
458,0.0961,,,0.908,0.1793,,,0.0501,
459,0.0991,,,0.8851,0.2144,,,0.0534,
460,0.1032,,,0.8573,0.259,,,0.0571,
461,0.1081,,,0.8248,0.3049,,,0.0599,
462,0.1132,,,0.7884,0.3587,,,0.0604,
463,0.1204,,,0.747,0.4174,,,0.0598,
464,0.1271,,,0.7027,0.4752,,,0.0656,
465,0.1333,,,0.6558,0.5366,,,0.0702,
466,0.1395,,,0.6083,0.6004,,,0.074,
467,0.1478,,,0.5595,0.6654,,,0.0799,
468,0.1582,,,0.5119,0.7305,,,0.0849,
469,0.167,,,0.4655,0.7849,,,0.0862,
470,0.1785,,,0.4212,0.8414,,,0.0855,
471,0.1904,,,0.3787,0.8914,,,0.0849,
472,0.2037,,,0.34,0.9304,,,0.0882,
473,0.2174,,,0.3043,0.9588,,,0.092,
474,0.2319,,,0.2721,0.9707,,,0.0953,
475,0.2474,,,0.2425,0.9946,,,0.0983,
476,0.2617,,,0.2168,0.9966,,,0.0991,
477,0.2787,,,0.1933,1.0,,,0.0986,
478,0.2929,,,0.1725,0.9929,,,0.1043,
479,0.3081,,,0.1551,0.9857,,,0.1099,
480,0.3209,,,0.1382,0.9683,,,0.1069,
481,0.3328,,,0.1236,0.9527,,,0.1137,
482,0.3429,,,0.1108,0.9367,,,0.1264,
483,0.3524,,,0.099,0.9205,,,0.1401,
484,0.3622,0.0017,,0.0885,0.9057,,0.0017,0.1452,
485,0.366,0.0018,,0.0789,0.8959,,0.0018,0.144,
486,0.3708,0.0019,,0.07,0.8834,,0.0019,0.162,
487,0.3758,0.0021,,0.0614,0.8749,,0.0021,0.1588,
488,0.3809,0.0023,,0.054,0.8677,,0.0023,0.1757,
489,0.3848,0.0025,,0.0476,0.8586,,0.0025,0.1773,
490,0.3904,0.0027,,0.042,0.8521,,0.0027,0.1863,
491,0.3955,0.0031,,0.0371,0.8557,,0.0031,0.1944,
492,0.4019,0.0035,,0.0326,0.8617,,0.0035,0.197,
493,0.4116,0.0039,,0.0277,0.8604,,0.0039,0.2125,
494,0.4199,0.0047,,0.0248,0.8655,,0.0047,0.2111,
495,0.4316,0.0055,,0.0217,0.8742,,0.0055,0.2062,
496,0.4468,0.0065,,0.0185,0.8792,,0.0065,0.2194,
497,0.4595,0.0078,,0.0159,0.8804,,0.0078,0.2269,
498,0.4795,0.0092,,0.0144,0.8873,,0.0092,0.229,
499,0.5012,0.0114,,0.0125,0.8952,,0.0114,0.2421,
500,0.5234,0.0136,,0.0116,0.8984,,0.0136,0.2404,
501,0.5515,0.0166,,0.0104,0.9051,,0.0166,0.2599,
502,0.5812,0.0202,,0.0095,0.9037,,0.0202,0.2558,
503,0.6142,0.026,,0.0082,0.9042,,0.026,0.2737,
504,0.6498,0.0316,,0.0087,0.9037,,0.0316,0.2733,
505,0.6903,0.0403,,0.0072,0.8923,,0.0403,0.2717,
506,0.7313,0.0501,,0.0069,0.891,,0.0501,0.2915,
507,0.7742,0.064,,0.0065,0.8719,,0.064,0.2891,
508,0.8186,0.0788,,0.0062,0.8599,,0.0788,0.3017,
509,0.8608,0.0998,,0.0058,0.8454,,0.0998,0.3239,
510,0.9018,0.1232,,0.0061,0.8278,,0.1232,0.331,
511,0.939,0.1529,,0.0055,0.8105,,0.1529,0.3381,
512,0.9673,0.1865,,0.0054,0.7875,,0.1865,0.3598,
513,0.9891,0.2266,,0.0061,0.7653,,0.2266,0.3515,
514,1.0,0.2721,,0.0051,0.743,,0.2721,0.3863,
515,0.9989,0.3223,,0.0053,0.7193,,0.3223,0.4092,
516,0.9849,0.381,,0.005,0.695,,0.381,0.4059,
517,0.9584,0.4432,,0.0051,0.672,,0.4432,0.4249,
518,0.92,0.5122,,0.0048,0.6529,,0.5122,0.4332,
519,0.8706,0.581,,0.0044,0.6317,,0.581,0.4617,
520,0.8119,0.6472,,0.0044,0.6111,,0.6472,0.4765,
521,0.7468,0.7153,,0.0043,0.5935,,0.7153,0.4932,0.0035
522,0.678,0.7808,,0.0049,0.5738,,0.7808,0.5028,0.0035
523,0.608,0.838,,0.005,0.5558,,0.838,0.5259,0.0035
524,0.5387,0.8903,,0.0049,0.5412,,0.8903,0.5315,0.0035
525,0.4718,0.9312,,0.0048,0.5288,,0.9312,0.5428,0.0035
526,0.4101,0.9661,,0.0051,0.5132,,0.9661,0.5633,0.0035
527,0.3524,0.9874,,0.0054,0.502,,0.9874,0.5774,0.0035
528,0.3008,0.999,,0.0048,0.4866,,0.999,0.591,0.0035
529,0.2554,1.0,,0.0048,0.4751,,1.0,0.5945,0.0035
530,0.2151,1.0,,0.0046,0.4653,,1.0,0.6019,0.0035
531,,0.9832,,0.0037,0.4559,,0.9832,0.6103,0.0035
532,,0.9622,,0.0029,0.4486,,0.9622,0.6106,0.0035
533,,0.9413,,0.0032,0.4333,,0.9413,0.626,0.0035
534,,0.9095,,0.0026,0.4286,,0.9095,0.6243,0.0035
535,,0.8783,,0.0026,0.4227,,0.8783,0.6246,0.0035
536,,0.8467,,0.0029,0.4099,,0.8467,0.6282,0.0035
537,,0.8126,,0.0028,0.4019,,0.8126,0.6297,0.0035
538,,0.7782,,0.0029,0.3952,,0.7782,0.6297,0.0038
539,,0.743,,0.003,0.3846,,0.743,0.6298,0.0053
540,,0.7101,,0.0036,0.3783,,0.7101,0.6281,0.0051
541,,0.6811,,0.0036,0.3723,,0.6811,0.6302,0.0052
542,,0.6504,,0.0047,0.3622,,0.6504,0.6365,0.0051
543,,0.6205,,0.0042,0.354,,0.6205,0.6437,0.0052
544,,0.5949,,0.0046,0.346,,0.5949,0.6486,0.0061
545,,0.5676,,0.0046,0.339,,0.5676,0.6618,0.0089
546,,0.5466,,0.0047,0.3308,,0.5466,0.6607,0.0086
547,,0.5219,,0.0053,0.3161,,0.5219,0.6636,0.0123
548,,0.5027,,0.0048,0.3106,,0.5027,0.6758,0.0129
549,,0.484,,0.0055,0.3004,,0.484,0.6941,0.0173
550,,0.4656,,0.0046,0.2942,0.6434,0.4656,0.6975,0.0174
551,,0.4522,,0.0042,0.2808,0.6236,0.4522,0.7241,0.0219
552,,0.4369,,0.0036,0.2724,0.6024,0.4369,0.7275,0.0229
553,,0.4238,,0.003,0.2674,0.5798,0.4238,0.7427,0.0315
554,,0.4152,,0.0026,0.2583,0.5558,0.4152,0.7545,0.0357
555,,0.4009,,0.0029,0.2449,0.534,0.4009,0.7767,0.0466
556,,0.3929,,0.0025,0.2405,0.5082,0.3929,0.7912,0.0516
557,,0.3857,,0.0031,0.2308,0.4748,0.3857,0.8281,0.0713
558,,0.3764,,0.0032,0.2237,0.4435,0.3764,0.8329,0.074
559,,0.3718,,0.0028,0.2166,0.4239,0.3718,0.8763,0.1045
560,,0.3632,,0.0035,0.207,0.4155,0.3632,0.8797,0.1109
561,,0.3553,,0.0032,0.2022,0.419,0.3553,0.8972,0.1297
562,,0.3477,,0.0027,0.1898,0.4229,0.3477,0.9021,0.1405
563,,0.342,,0.0026,0.1886,0.4146,0.342,0.9465,0.1927
564,,0.3348,,0.0032,0.1823,0.3991,0.3348,0.9503,0.1977
565,,0.3271,,0.0034,0.176,0.3791,0.3271,0.9773,0.2473
566,,0.3181,,0.0041,0.1676,0.3615,0.3181,0.9805,0.2554
567,,0.3109,,0.0033,0.1621,0.3503,0.3109,1.0,0.2977
568,,0.3018,,0.003,0.1564,0.3427,0.3018,0.9977,0.3208
569,,0.2938,,0.0025,0.1516,0.3389,0.2938,0.9981,0.3954
570,,0.288,,0.003,0.1482,0.3345,0.288,0.9994,0.4061
571,,0.2774,,0.0029,0.1433,0.3252,0.2774,0.9918,0.4696
572,,0.2708,,0.0036,0.1401,0.3166,0.2708,0.9799,0.4759
573,,0.2602,,0.0028,0.1355,0.3114,0.2602,0.972,0.5623
574,,0.2504,,0.003,0.1322,0.3068,0.2504,0.9667,0.5922
575,,0.2427,,0.0032,0.1264,0.3014,0.2427,0.9457,0.6477
576,,0.2362,,0.0034,0.1242,0.2961,0.2362,0.9344,0.6688
577,,0.2231,,0.0039,0.1187,0.2906,0.2231,0.8959,0.739
578,,0.2153,,0.0032,0.1177,0.2855,0.2153,0.8889,0.7579
579,,0.2086,,0.0035,0.1122,0.2812,0.2086,0.8573,0.8216
580,,0.1995,,0.0028,0.1102,0.2785,0.1995,0.6602,0.8289
581,,0.1911,,0.0032,0.1065,0.2778,0.1911,0.6439,0.8661
582,,0.1844,,0.0036,0.1029,0.2792,0.1844,0.6277,0.8766
583,,0.1756,,0.0035,0.101,0.2828,0.1756,0.6115,0.9164
584,,0.1673,,0.0029,0.0979,0.2871,0.1673,0.5981,0.9176
585,,0.1609,,0.0036,0.0945,0.2902,0.1609,0.5844,0.9528
586,,0.1543,,0.0032,0.0945,0.2924,0.1543,0.571,0.9653
587,,0.1475,,0.0033,0.0916,0.2942,0.1475,0.5155,0.9826
588,,0.1418,,0.0042,0.0881,0.295,0.1418,0.4682,0.9855
589,,0.1352,,0.0037,0.0858,0.293,0.1352,0.4331,0.9947
590,,0.1303,,0.0032,0.083,0.2902,0.1303,0.4278,0.9955
591,,0.1241,,0.003,0.0814,0.289,0.1241,0.3591,0.9998
592,,0.1192,,0.0031,0.0792,0.2883,0.1192,0.3459,1.0
593,,0.114,,0.0031,0.0775,0.2868,0.114,0.298,0.9994
594,,0.1095,,0.0031,0.0753,0.2859,0.1095,0.2804,0.9981
595,,0.1062,,0.0032,0.0724,0.2864,0.1062,0.2447,0.9981
596,,0.1008,,0.0026,0.0713,0.2868,0.1008,0.2356,0.9945
597,,0.0972,,0.0029,0.0686,0.286,0.0972,0.1951,0.9949
598,,0.0935,,0.0029,0.0663,0.2853,0.0935,0.1917,0.9949
599,,0.0892,,0.0024,0.0652,0.2844,0.0892,0.1499,0.9889
600,,0.0871,,0.0031,0.0623,0.2827,0.0871,0.1459,0.985
601,,0.0836,,0.0023,0.0609,0.2801,0.0836,0.1082,0.9677
602,,0.081,,0.002,0.0593,0.2781,0.081,0.0945,0.9539
603,,0.0794,,0.0023,0.0569,0.2783,0.0794,0.0934,0.9399
604,,0.0743,,0.0026,0.055,0.2804,0.0743,0.0812,0.931
605,,0.0719,,0.0021,0.0534,0.284,0.0719,0.0669,0.8968
606,,0.0715,,0.003,0.0521,0.2884,0.0715,0.062,0.8938
607,,0.0674,,0.003,0.0505,0.2928,0.0674,0.0575,0.8773
608,,0.0652,,0.0031,0.0474,0.2974,0.0652,0.046,0.8681
609,,0.0645,,0.0025,0.047,0.3014,0.0645,0.0433,0.8562
610,,0.0622,,0.004,0.0467,0.3062,0.0622,0.04,0.8543
611,,0.0596,,0.0027,0.0449,0.3128,0.0596,0.035,0.8356
612,,0.0572,,0.0032,0.0439,0.32,0.0572,0.0297,0.8283
613,,0.0562,,0.003,0.0432,0.3265,0.0562,0.0246,0.8081
614,,0.0538,,0.0035,0.0411,0.3327,0.0538,0.0207,0.8
615,,0.053,,0.0032,0.0382,0.3395,0.053,0.0191,0.7816
616,,0.0518,,0.0032,0.0374,0.3448,0.0518,0.0181,0.7799
617,,0.0506,,0.0033,0.0377,0.3447,0.0506,0.0116,0.7603
618,,0.0478,,0.003,0.0372,0.3429,0.0478,0.0097,0.7576
619,,0.0464,,0.0035,0.0359,0.3424,0.0464,0.0114,0.7392
620,,0.045,,0.0029,0.0352,0.3446,0.045,0.011,0.7305
621,,0.0437,,0.0033,0.0336,0.3519,0.0437,0.0067,0.7123
622,,0.0426,,0.0019,0.0325,0.3637,0.0426,0.007,0.6955
623,,0.0409,,0.0026,0.0317,0.3789,0.0409,0.0066,0.6858
624,,0.0399,,0.0016,0.0321,0.3935,0.0399,0.0059,0.6809
625,,0.0398,,0.0023,0.0299,0.4047,0.0398,0.0053,0.6674
626,,0.037,,0.0021,0.0287,0.4138,0.037,0.0052,0.665
627,,0.0354,,0.0024,0.0285,0.4212,0.0354,0.0052,0.6608
628,,0.0355,,0.0026,0.0286,0.4271,0.0355,0.0052,0.6497
629,,0.0339,,0.0028,0.0266,0.4324,0.0339,,0.6465
630,,0.0324,,0.0028,0.0264,0.4358,0.0324,,0.6451
631,,0.0318,,0.0028,0.0271,0.4374,0.0318,,0.6232
632,,0.0303,,0.0031,0.0263,0.4384,0.0303,,0.6169
633,,0.0296,,0.0024,0.0254,0.4411,0.0296,,0.5986
634,,0.028,,0.0023,0.0251,0.4439,0.028,,0.5855
635,,0.0276,,0.0025,0.0247,0.4464,0.0276,,0.5775
636,,0.0273,,0.0023,0.0243,0.447,0.0273,,0.5724
637,,0.0263,,0.0014,0.024,0.4434,0.0263,,0.567
638,,0.0255,,0.0013,0.0231,0.438,0.0255,,0.5651
639,,0.0237,,0.0011,0.0231,0.433,0.0237,,0.5455
640,,0.0234,,0.0025,0.0216,0.4304,0.0234,,0.5436
641,,0.0216,,0.0014,0.0212,0.4325,0.0216,,0.5297
642,,0.0217,,0.0024,0.022,0.4379,0.0217,,0.5142
643,,0.0213,,0.0016,0.0216,0.4451,0.0213,,0.5154
644,,0.0209,,0.0019,0.0207,0.4522,0.0209,,0.5146
645,,0.0203,,0.0016,0.0197,0.4573,0.0203,,0.494
646,,0.0193,,0.0019,0.02,0.4614,0.0193,,0.4877
647,,0.0185,,0.0018,0.0193,0.4642,0.0185,,0.4807
648,,0.0179,,0.0018,0.019,0.467,0.0179,,0.4726
649,,0.0172,,0.0022,0.0186,0.471,0.0172,,0.4629
650,,0.0162,,0.0027,0.0176,0.4759,0.0162,,0.4543
651,,0.0166,,0.0019,0.0184,0.4837,0.0166,,0.4411
652,,0.0166,,0.0029,0.0175,0.4909,0.0166,,0.4312
653,,0.0158,,0.002,0.0172,0.495,0.0158,,0.4167
654,,0.015,,0.0029,0.017,0.4935,0.015,,0.4078
655,,0.0146,,0.0022,0.0175,0.4854,0.0146,,0.3912
656,,0.0146,,0.0022,0.0166,0.471,0.0146,,0.38
657,,0.0138,,0.0023,0.0157,0.4493,0.0138,,0.3714
658,,0.0134,,0.0027,0.0175,0.4262,0.0134,,0.3695
659,,0.0133,,0.0026,0.0165,0.408,0.0133,,0.3533
660,,0.0131,,0.0022,0.0169,0.3941,0.0131,,0.3488
661,,0.0123,,0.002,0.0148,0.3861,0.0123,,0.3416
662,,0.0118,,0.0025,0.0148,0.3824,0.0118,,0.3293
663,,0.0121,,0.0023,0.0155,0.3813,0.0121,,0.3243
664,,0.0114,,0.0024,0.0155,0.3789,0.0114,,0.3144
665,,0.0113,,0.0022,0.0158,0.3699,0.0113,,0.3109
666,,0.0112,,0.0022,0.0138,0.359,0.0112,,0.3059
667,,0.0114,,0.0009,0.0134,0.3494,0.0114,,0.2957
668,,0.0107,,0.002,0.0148,0.3415,0.0107,,0.2881
669,,0.0108,,0.0016,0.0139,0.3356,0.0108,,0.2776
670,,0.0106,,0.0019,0.014,0.3313,0.0106,,0.2699
671,,0.0101,,0.002,0.0144,0.3294,0.0101,,0.2662
672,,0.0095,,0.0024,0.0136,0.3277,0.0095,,0.263
673,,0.0094,,0.0028,0.0147,0.324,0.0094,,0.2541
674,,0.0097,,0.0029,0.0138,0.3197,0.0097,,0.2499
675,,0.0096,,0.0023,0.0141,0.3149,0.0096,,0.2368
676,,0.0095,,0.0009,0.0137,0.3091,0.0095,,0.2284
677,,0.0089,,0.0001,0.0134,0.3036,0.0089,,0.2259
678,,0.0088,,0.0001,0.0134,0.2984,0.0088,,0.2083
679,,0.0093,,0.0005,0.0135,0.2925,0.0093,,0.2068
680,,0.0092,,0.0001,0.0127,0.2857,0.0092,,0.203
681,,0.0096,,0.001,0.0135,0.2784,0.0096,,0.1959
682,,0.0083,,0.0001,0.0146,0.2704,0.0083,,0.1944
683,,0.0081,,0.0001,0.013,0.2621,0.0081,,0.1911
684,,0.0085,,0.0009,0.0129,0.2548,0.0085,,0.1838
685,,0.0084,,0.0003,0.0131,0.2491,0.0084,,0.1814
686,,0.0086,,0.0007,0.0132,0.2433,0.0086,,0.1769
687,,0.0082,,0.0004,0.0133,0.2371,0.0082,,0.1713
688,,0.0076,,0.0008,0.0133,0.2311,0.0076,,0.1664
689,,0.0081,,0.0001,0.0122,0.2246,0.0081,,0.1646
690,,0.0077,,0.0009,0.0126,0.2191,0.0077,,0.1561
691,,0.0074,,0.0001,0.0133,0.2162,0.0074,,0.1535
692,,0.0082,,0.0004,0.0125,0.2142,0.0082,,0.1477
693,,0.0079,,0.0002,0.0126,0.2111,0.0079,,0.1473
694,,0.0075,,0.0001,0.0123,0.2077,0.0075,,0.1442
695,,0.0072,,0.0001,0.0119,0.2044,0.0072,,0.1428
696,,0.0069,,0.0011,0.0131,0.2004,0.0069,,0.142
697,,0.0074,,0.0011,0.0133,0.1955,0.0074,,0.1388
698,,0.007,,0.0015,0.0129,0.1907,0.007,,0.1294
699,,0.0071,,0.0012,0.0119,0.1855,0.0071,,0.1279
700,,0.007,,0.001,0.0126,0.1802,0.007,,0.1235
701,,,,,,0.177,,,0.1205
702,,,,,,0.1746,,,0.1186
703,,,,,,0.1698,,,0.1176
704,,,,,,0.1647,,,0.1151
705,,,,,,0.162,,,0.1138
706,,,,,,0.1599,,,0.1071
707,,,,,,0.1565,,,0.1065
708,,,,,,0.1543,,,0.1048
709,,,,,,0.1547,,,0.1026
710,,,,,,0.1545,,,0.0978
711,,,,,,0.1515,,,0.0978
712,,,,,,0.149,,,0.0919
713,,,,,,0.1489,,,0.0911
714,,,,,,0.1494,,,0.0912
715,,,,,,0.1492,,,0.0886
716,,,,,,0.1491,,,0.0821
717,,,,,,0.1497,,,0.0826
718,,,,,,0.1506,,,0.0824
719,,,,,,0.1509,,,0.0819
720,,,,,,0.1514,,,0.0777
721,,,,,,0.1534,,,0.0773
722,,,,,,0.1553,,,0.0775
723,,,,,,0.156,,,0.0754
724,,,,,,0.1556,,,0.0722
725,,,,,,0.1535,,,0.0715
726,,,,,,0.1501,,,0.066
727,,,,,,0.1457,,,0.0653
728,,,,,,0.1422,,,0.0596
729,,,,,,0.1414,,,0.0602
730,,,,,,0.142,,,0.0601
731,,,,,,0.1436,,,0.0614
732,,,,,,0.1453,,,0.0637
733,,,,,,0.1461,,,0.0635
734,,,,,,0.1465,,,0.061
735,,,,,,0.1464,,,0.059
736,,,,,,0.1462,,,0.0548
737,,,,,,0.146,,,0.0554
738,,,,,,0.1461,,,0.052
739,,,,,,0.1462,,,0.0514
740,,,,,,0.1467,,,0.0495
741,,,,,,0.1487,,,0.0501
742,,,,,,0.1511,,,0.0461
743,,,,,,0.1525,,,0.0465
744,,,,,,0.1538,,,0.0412
745,,,,,,0.156,,,0.0412
746,,,,,,0.1585,,,0.0412
747,,,,,,0.1607,,,0.0412
748,,,,,,0.1631,,,0.0412
749,,,,,,0.1664,,,
750,,,,,,0.1689,,,
751,,,,,,0.1694,,,
752,,,,,,0.1695,,,
753,,,,,,0.1711,,,
754,,,,,,0.1728,,,
755,,,,,,0.1737,,,
756,,,,,,0.1741,,,
757,,,,,,0.1738,,,
758,,,,,,0.1737,,,
759,,,,,,0.1749,,,
760,,,,,,0.1783,,,
761,,,,,,0.1849,,,
762,,,,,,0.1922,,,
763,,,,,,0.198,,,
764,,,,,,0.2016,,,
765,,,,,,0.2018,,,
766,,,,,,0.1997,,,
767,,,,,,0.1948,,,
768,,,,,,0.1899,,,
769,,,,,,0.1887,,,
770,,,,,,0.191,,,
771,,,,,,0.1988,,,
772,,,,,,0.2084,,,
773,,,,,,0.2163,,,
774,,,,,,0.219,,,
775,,,,,,0.209,,,
776,,,,,,0.1964,,,
777,,,,,,0.1902,,,
778,,,,,,0.1933,,,
779,,,,,,0.2116,,,
780,,,,,,0.236,,,
781,,,,,,0.2552,,,
782,,,,,,0.269,,,
783,,,,,,0.2788,,,
784,,,,,,0.2887,,,
785,,,,,,0.2947,,,
786,,,,,,0.3045,,,
787,,,,,,0.3298,,,
788,,,,,,0.3605,,,
789,,,,,,0.3886,,,
790,,,,,,0.4182,,,
791,,,,,,0.4504,,,
792,,,,,,0.4761,,,
793,,,,,,0.4889,,,
794,,,,,,0.499,,,
795,,,,,,0.5129,,,
796,,,,,,0.5269,,,
797,,,,,,0.543,,,
798,,,,,,0.5583,,,
799,,,,,,0.5695,,,
800,,,,,,0.5779,,,
801,,,,,,0.5833,,,
802,,,,,,0.5894,,,
803,,,,,,0.5996,,,
804,,,,,,0.6159,,,
805,,,,,,0.6415,,,
806,,,,,,0.6693,,,
807,,,,,,0.6929,,,
808,,,,,,0.7125,,,
809,,,,,,0.728,,,
810,,,,,,0.7404,,,
811,,,,,,0.7496,,,
812,,,,,,0.7578,,,
813,,,,,,0.7728,,,
814,,,,,,0.7852,,,
815,,,,,,0.7816,,,
816,,,,,,0.773,,,
817,,,,,,0.773,,,
818,,,,,,0.7781,,,
819,,,,,,0.784,,,
820,,,,,,0.7957,,,
821,,,,,,0.8203,,,
822,,,,,,0.8404,,,
823,,,,,,0.8391,,,
824,,,,,,0.8322,,,
825,,,,,,0.83,,,
826,,,,,,0.8281,,,
827,,,,,,0.8246,,,
828,,,,,,0.8276,,,
829,,,,,,0.8429,,,
830,,,,,,0.8632,,,
831,,,,,,0.8874,,,
832,,,,,,0.9113,,,
833,,,,,,0.9251,,,
834,,,,,,0.9289,,,
835,,,,,,0.9224,,,
836,,,,,,0.9132,,,
837,,,,,,0.9094,,,
838,,,,,,0.913,,,
839,,,,,,0.9284,,,
840,,,,,,0.9431,,,
841,,,,,,0.9464,,,
842,,,,,,0.944,,,
843,,,,,,0.9382,,,
844,,,,,,0.9338,,,
845,,,,,,0.9366,,,
846,,,,,,0.9428,,,
847,,,,,,0.9498,,,
848,,,,,,0.9545,,,
849,,,,,,0.953,,,
850,,,,,,0.9504,,,
851,,,,,,0.9495,,,
852,,,,,,0.9521,,,
853,,,,,,0.9626,,,
854,,,,,,0.9738,,,
855,,,,,,0.9746,,,
856,,,,,,0.9724,,,
857,,,,,,0.9799,,,
858,,,,,,0.9896,,,
859,,,,,,0.9882,,,
860,,,,,,0.9834,,,
861,,,,,,0.9852,,,
862,,,,,,0.9863,,,
863,,,,,,0.9817,,,
864,,,,,,0.9819,,,
865,,,,,,0.9931,,,
866,,,,,,1.0,,,
867,,,,,,0.9966,,,
868,,,,,,0.9887,,,
869,,,,,,0.9707,,,
870,,,,,,0.95,,,
871,,,,,,0.9416,,,
872,,,0.3091,,,0.9394,,,
873,,,0.3102,,,0.9373,,,
874,,,0.3114,,,0.9361,,,
875,,,0.3092,,,0.9372,,,
876,,,0.3071,,,0.9305,,,
877,,,0.3062,,,0.9031,,,
878,,,0.3053,,,0.8772,,,
879,,,0.3053,,,0.8716,,,
880,,,0.3053,,,0.8754,,,
881,,,0.3048,,,0.885,,,
882,,,0.3043,,,0.8963,,,
883,,,0.3038,,,0.9031,,,
884,,,0.3033,,,0.8997,,,
885,,,0.3023,,,0.8799,,,
886,,,0.3013,,,0.8561,,,
887,,,0.2987,,,0.8396,,,
888,,,0.296,,,0.8264,,,
889,,,0.2946,,,0.8125,,,
890,,,0.2931,,,0.8002,,,
891,,,0.2931,,,0.7973,,,
892,,,0.293,,,0.796,,,
893,,,0.2975,,,0.7874,,,
894,,,0.302,,,0.7733,,,
895,,,0.3074,,,0.7509,,,
896,,,0.3129,,,0.7239,,,
897,,,0.3188,,,0.7076,,,
898,,,0.3248,,,0.6962,,,
899,,,0.3283,,,0.6705,,,
900,,,0.3318,,,0.6367,,,
901,,,0.3368,,,0.6089,,,
902,,,0.3418,,,0.5869,,,
903,,,0.3482,,,0.5686,,,
904,,,0.3546,,,0.5642,,,
905,,,0.3603,,,0.5821,,,
906,,,0.3659,,,0.5918,,,
907,,,0.3734,,,0.5683,,,
908,,,0.381,,,0.5375,,,
909,,,0.3889,,,0.5133,,,
910,,,0.3969,,,0.4928,,,
911,,,0.4057,,,0.4817,,,
912,,,0.4144,,,0.4761,,,
913,,,0.424,,,0.4711,,,
914,,,0.4335,,,0.4636,,,
915,,,0.4433,,,0.4518,,,
916,,,0.453,,,0.4381,,,
917,,,0.4637,,,0.4223,,,
918,,,0.4744,,,0.4065,,,
919,,,0.4845,,,0.3939,,,
920,,,0.4946,,,0.3792,,,
921,,,0.5062,,,0.3572,,,
922,,,0.5178,,,0.3348,,,
923,,,0.5278,,,0.3187,,,
924,,,0.5377,,,0.3051,,,
925,,,0.5507,,,0.2904,,,
926,,,0.5637,,,0.2759,,,
927,,,0.5746,,,0.2632,,,
928,,,0.5855,,,0.2489,,,
929,,,0.595,,,0.2288,,,
930,,,0.6044,,,0.2086,,,
931,,,0.6103,,,0.1933,,,
932,,,0.6162,,,0.1795,,,
933,,,0.6215,,,0.165,,,
934,,,0.6267,,,0.1522,,,
935,,,0.6325,,,0.142,,,
936,,,0.6383,,,0.1323,,,
937,,,0.6432,,,0.1208,,,
938,,,0.6482,,,0.1103,,,
939,,,0.6528,,,0.1019,,,
940,,,0.6575,,,0.0946,,,
941,,,0.6607,,,0.0872,,,
942,,,0.664,,,0.0805,,,
943,,,0.667,,,0.0753,,,
944,,,0.67,,,0.0706,,,
945,,,0.6729,,,0.0649,,,
946,,,0.6758,,,0.0589,,,
947,,,0.6772,,,0.0525,,,
948,,,0.6785,,,0.0459,,,
949,,,0.6862,,,0.0396,,,
950,,,0.6939,,,0.0345,,,
951,,,0.7101,,,0.0314,,,
952,,,0.7263,,,0.0288,,,
953,,,0.7413,,,0.0258,,,
954,,,0.7564,,,0.0228,,,
955,,,0.7709,,,0.0199,,,
956,,,0.7853,,,0.0176,,,
957,,,0.8063,,,0.016,,,
958,,,0.8273,,,0.0148,,,
959,,,0.8438,,,0.0139,,,
960,,,0.8603,,,0.013,,,
961,,,0.8803,,,0.0114,,,
962,,,0.9003,,,0.0099,,,
963,,,0.9192,,,0.0089,,,
964,,,0.938,,,0.0081,,,
965,,,0.9524,,,0.0075,,,
966,,,0.9668,,,0.0071,,,
967,,,0.9771,,,0.0069,,,
968,,,0.9874,,,0.0065,,,
969,,,0.9937,,,0.0058,,,
970,,,1.0,,,0.0052,,,
971,,,0.9999,,,0.0048,,,
972,,,0.9997,,,0.0044,,,
973,,,0.9984,,,0.0041,,,
974,,,0.9971,,,0.0037,,,
975,,,0.9962,,,0.0033,,,
976,,,0.9952,,,0.0029,,,
977,,,0.9857,,,0.0025,,,
978,,,0.9762,,,0.0021,,,
979,,,0.9685,,,0.0019,,,
980,,,0.9608,,,0.0017,,,
981,,,0.9545,,,0.0015,,,
982,,,0.9481,,,0.0013,,,
983,,,0.9388,,,0.0012,,,
984,,,0.9295,,,0.0012,,,
985,,,0.9165,,,0.0011,,,
986,,,0.9035,,,0.001,,,
987,,,0.8912,,,0.0009,,,
988,,,0.8789,,,0.0008,,,
989,,,0.8696,,,0.0007,,,
990,,,0.8603,,,0.0006,,,
991,,,0.8532,,,0.0006,,,
992,,,0.8462,,,0.0006,,,
993,,,0.8366,,,0.0006,,,
994,,,0.827,,,0.0006,,,
995,,,0.8201,,,0.0006,,,
996,,,0.8131,,,0.0006,,,
997,,,0.8108,,,0.0005,,,
998,,,0.8085,,,0.0005,,,
999,,,0.7989,,,0.0004,,,
1000,,,0.7893,,,0.0003,,,
1001,,,0.7795,,,0.0003,,,
1002,,,0.7697,,,0.0002,,,
1003,,,0.7673,,,0.0003,,,
1004,,,0.7649,,,0.0004,,,
1005,,,0.7631,,,0.0004,,,
1006,,,0.7613,,,0.0005,,,
1007,,,0.759,,,0.0007,,,
1008,,,0.7567,,,,,,
1009,,,0.7572,,,,,,
1010,,,0.7577,,,,,,
1011,,,0.7583,,,,,,
1012,,,0.759,,,,,,
1013,,,0.7573,,,,,,
1014,,,0.7556,,,,,,
1015,,,0.7537,,,,,,
1016,,,0.7517,,,,,,
1017,,,0.7502,,,,,,
1018,,,0.7486,,,,,,
1019,,,0.7369,,,,,,
1020,,,0.7252,,,,,,
1021,,,0.7171,,,,,,
1022,,,0.7089,,,,,,
1023,,,0.7086,,,,,,
1024,,,0.7082,,,,,,
1025,,,0.7086,,,,,,
1026,,,0.709,,,,,,
1027,,,0.7096,,,,,,
1028,,,0.7101,,,,,,
1029,,,0.7086,,,,,,
1030,,,0.7071,,,,,,
1031,,,0.7055,,,,,,
1032,,,0.704,,,,,,
1033,,,0.705,,,,,,
1034,,,0.7061,,,,,,
1035,,,0.7065,,,,,,
1036,,,0.7069,,,,,,
1037,,,0.708,,,,,,
1038,,,0.7091,,,,,,
1039,,,0.7076,,,,,,
1040,,,0.706,,,,,,
1041,,,0.7025,,,,,,
1042,,,0.6989,,,,,,
1043,,,0.6978,,,,,,
1044,,,0.6966,,,,,,
1045,,,0.6952,,,,,,
1046,,,0.6938,,,,,,
1047,,,0.693,,,,,,
1048,,,0.6922,,,,,,
1049,,,0.6876,,,,,,
