wavelength,mApple ex,mApple em,mCardinal ex,mCardinal em,Neptune 2p,Neptune em,Neptune ex,mKelly1 ex,mKelly1 em,mKelly2 ex,mKelly2 em,mNeptune2.5 ex,mNeptune2.5 em,mCardinal 2p,mCardinal ab
230,,,,,,,,,,,,0.0011,,,
231,,,,,,,,,,,,0.0004,,,
232,,,,,,,,,,,,0.0007,,,
233,,,,,,,,,,,,0.0004,,,
234,,,,,,,,,,,,0.0004,,,
235,,,,,,,,,,,,0.0006,,,
236,,,,,,,,,,,,0.0006,,,
237,,,,,,,,,,,,0.0006,,,
238,,,,,,,,,,,,0.0004,,,
239,,,,,,,,,,,,0.0006,,,
240,,,,,,,,,,,,0.0007,,,
241,,,,,,,,,,,,0.0004,,,
242,,,,,,,,,,,,0.0004,,,
243,,,,,,,,,,,,0.0002,,,
244,,,,,,,,,,,,0.0004,,,
245,,,,,,,,,,,,0.0004,,,
246,,,,,,,,,,,,0.0004,,,
247,,,,,,,,,,,,0.0002,,,
248,,,,,,,,,,,,0.0004,,,
249,,,,,,,,,,,,0.0004,,,
250,,,,,,,,,,,,0.0002,,,
251,,,,,,,,,,,,0.0006,,,
252,,,,,,,,,,,,0.0005,,,
253,,,,,,,,,,,,0.0005,,,
254,,,,,,,,,,,,0.0007,,,
255,,,,,,,,,,,,0.0006,,,
256,,,,,,,,,,,,0.0007,,,
257,,,,,,,,,,,,0.0004,,,
258,,,,,,,,,,,,0.0008,,,
259,,,,,,,,,,,,0.0008,,,
260,,,,,,,,,,,,0.0007,,,
261,,,,,,,,,,,,0.0005,,,
262,,,,,,,,,,,,0.0006,,,
263,,,,,,,,,,,,0.0006,,,
264,,,,,,,,,,,,0.0004,,,
265,,,,,,,,,,,,0.0008,,,
266,,,,,,,,,,,,0.001,,,
267,,,,,,,,,,,,0.0006,,,
268,,,,,,,,,,,,0.0011,,,
269,,,,,,,,,,,,0.001,,,
270,,,,,,,,,,,,0.0009,,,
271,,,,,,,,,,,,0.001,,,
272,,,,,,,,,,,,0.0005,,,
273,,,,,,,,,,,,0.0006,,,
274,,,,,,,,,,,,0.0009,,,
275,,,,,,,,,,,,0.0009,,,
276,,,,,,,,,,,,0.0009,,,
277,,,,,,,,,,,,0.0011,,,
278,,,,,,,,,,,,0.0031,,,
279,,,,,,,,,,,,0.0044,,,
280,,,,,,,,,,,,0.0044,,,
281,,,,,,,,,,,,0.0084,,,
282,,,,,,,,,,,,0.0081,,,
283,,,,,,,,,,,,0.009,,,
284,,,,,,,,,,,,0.011,,,
285,,,,,,,,,,,,0.0115,,,
286,,,,,,,,,,,,0.0131,,,
287,,,,,,,,,,,,0.0149,,,
288,,,,,,,,,,,,0.0157,,,
289,,,,,,,,,,,,0.0169,,,
290,,,,,,,,,,,,0.0183,,,
291,,,,,,,,,,,,0.0206,,,
292,,,,,,,,,,,,0.0216,,,
293,,,,,,,,,,,,0.0217,,,
294,,,,,,,,,,,,0.0233,,,
295,,,,,,,,,,,,0.0235,,,
296,,,,,,,,,,,,0.0246,,,
297,,,,,,,,,,,,0.0248,,,
298,,,,,,,,,,,,0.0238,,,
299,,,,,,,,,,,,0.0239,,,
300,0.2221,,,,,,,,,,,0.0255,,,
301,0.1939,,,,,,,,,,,0.0263,,,
302,0.1852,,,,,,,,,,,0.0238,,,
303,0.1502,,,,,,,,,,,0.0259,,,
304,0.1539,,,,,,,,,,,0.0244,,,
305,0.1307,,,,,,,,,,,0.0236,,,
306,0.1241,,,,,,,,,,,0.0225,,,
307,0.1064,,,,,,,,,,,0.022,,,0.1163
308,0.1047,,,,,,,,,,,0.021,,,0.1114
309,0.0964,,,,,,,,,,,0.02,,,0.107
310,0.0893,,,,,,,,,,,0.019,,,0.103
311,0.0956,,,,,,,,,,,0.0183,,,0.0993
312,0.0947,,,,,,,,,,,0.0177,,,0.0961
313,0.0998,,,,,,,,,,,0.019,,,0.0932
314,0.1023,,,,,,,,,,,0.0201,,,0.0908
315,0.1048,,,,,,,,,,,0.0202,,,0.0886
316,0.1072,,,,,,,,,,,0.0218,,,0.0869
317,0.1097,,,,,,,,,,,0.0218,,,0.0855
318,0.1122,,,,,,,,,,,0.0239,,,0.0844
319,0.1147,,,,,,,,,,,0.0252,,,0.0836
320,0.1172,,,,,,,,,,,0.0264,,,0.0833
321,0.1161,,,,,,,,,,,0.0295,,,0.0835
322,0.1213,,,,,,,,,,,0.0306,,,0.0843
323,0.1264,,,,,,,,,,,0.0323,,,0.0856
324,0.1316,,,,,,,,,,,0.0342,,,0.0874
325,0.141,,,,,,,,,,,0.035,,,0.0895
326,0.1504,,,,,,,,,,,0.0368,,,0.0919
327,0.1492,,,,,,,,,,,0.0388,,,0.0945
328,0.1537,,,,,,,,,,,0.0418,,,0.0973
329,0.1583,,,,,,,,,,,0.0409,,,0.1001
330,0.1628,,,,,,,,,,,0.0428,,,0.103
331,0.17,,,,,,,,,,,0.0473,,,0.1064
332,0.1771,,,,,,,,,,,0.0491,,,0.1104
333,0.1862,,,,,,,,,,,0.053,,,0.1147
334,0.1953,,,,,,,,,,,0.0534,,,0.1194
335,0.2044,,,,,,,,,,,0.0574,,,0.1242
336,0.2312,,,,,,,,,,,0.0602,,,0.1289
337,0.2359,,,,,,,,,,,0.0614,,,0.1334
338,0.2487,,,,,,,,,,,0.0636,,,0.1376
339,0.2618,,,,,,,,,,,0.0702,,,0.1414
340,0.2663,,,,,,,,,,,0.0742,,,0.1454
341,0.2617,,,,,,,,,,,0.0781,,,0.1499
342,0.2595,,,,,,,,,,,0.0794,,,0.1546
343,0.2591,,,,,,,,,,,0.08,,,0.1588
344,0.2514,,,,,,,,,,,0.0817,,,0.1623
345,0.2432,,,,,,,,,,,0.086,,,0.1649
346,0.2413,,,,,,,,,,,0.0865,,,0.1673
347,0.2314,,,,,,,,,,,0.0907,,,0.1695
348,0.2069,,,,,,,,,,,0.09,,,0.1713
349,0.2035,,,,,,,,,,,0.0891,,,0.1726
350,0.1797,,,,,,,,,,,0.093,,,0.1733
351,0.1764,,,,,,,,,,,0.0924,,,0.1728
352,0.1586,,,,,,,,,,,0.0958,,,0.1713
353,0.1622,,,,,,,,,,,0.0956,,,0.1692
354,0.1438,,,,,,,,,,,0.0956,,,0.1668
355,0.1475,,,,,,,,,,,0.096,,,0.1645
356,0.1295,,,,,,,,,,,0.0945,,,0.1626
357,0.1291,,,,,,,,,,,0.0959,,,0.161
358,0.1316,,,,,,,,,,,0.0913,,,0.1589
359,0.1316,,,,,,,,,,,0.0844,,,0.1565
360,0.1252,,,,,,,,,,,0.0826,,,0.1538
361,0.1237,,,,,,,,,,,0.0789,,,0.1511
362,0.1222,,,,,,,,,,,0.0753,,,0.1484
363,0.1206,,,,,,,,,,,0.075,,,0.146
364,0.1202,,,,,,,,,,,0.0747,,,0.1439
365,0.1192,,,,,,,,,,,0.0706,,,0.1422
366,0.1158,,,,,,,,,,,0.0718,,,0.1412
367,0.1124,,,,,,,,,,,0.0682,,,0.1407
368,0.109,,,,,,,,,,,0.0709,,,0.1405
369,0.1095,,,,,,,,,,,0.0729,,,0.1405
370,0.0962,,,,,,,,,,,0.0732,,,0.1406
371,0.0936,,,,,,,,,,,0.0736,,,0.1406
372,0.0929,,,,,,,,,,,0.0745,,,0.1404
373,0.081,,,,,,,,,,,0.0747,,,0.14
374,0.0806,,,,,,,,,,,0.0738,,,0.1392
375,0.0802,,,,,,,,,,,0.0737,,,0.1384
376,0.0748,,,,,,,,,,,0.0698,,,0.1377
377,0.0695,,,,,,,,,,,0.0696,,,0.1369
378,0.0641,,,,,,,,,,,0.0692,,,0.1361
379,0.0638,,,,,,,,,,,0.0666,,,0.1351
380,0.0603,,,,,,,,,,,0.0631,,,0.1341
381,0.054,,,,,,,,,,,0.0599,,,0.1328
382,0.0483,,,,,,,,,,,0.0594,,,0.1314
383,0.0493,,,,,,,,,,,0.0564,,,0.1299
384,0.0462,,,,,,,,,,,0.0551,,,0.1283
385,0.0431,,,,,,,,,,,0.054,,,0.1265
386,0.0401,,,,,,,,,,,0.051,,,0.1247
387,0.037,,,,,,,,,,,0.0509,,,0.1229
388,0.038,,,,,,,,,,,0.0497,,,0.121
389,0.0336,,,,,,,,,,,0.0468,,,0.1192
390,0.0277,,,,,,,,,,,0.0438,,,0.1173
391,0.0245,,,,,,,,,,,0.0425,,,0.1156
392,0.0229,,,,,,,,,,,0.0409,,,0.1138
393,0.0219,,,,,,,,,,,0.0399,,,0.112
394,0.0209,,,,,,,,,,,0.0383,,,0.1102
395,0.0196,,,,,,,,,,,0.0375,,,0.1083
396,0.018,,,,,,,,,,,0.0359,,,0.1064
397,0.0163,,,,,,,,,,,0.0355,,,0.1045
398,0.0149,,,,,,,,,,,0.0352,,,0.1026
399,0.0138,,,,,,,,,,,0.0335,,,0.1007
400,0.0125,,0.046,,,,,,,,,0.0323,,,0.0989
401,0.0094,,0.0446,,,,,,,,,0.0333,,,0.0971
402,0.007,,0.0432,,,,,,,,,0.0318,,,0.0952
403,0.0069,,0.0419,,,,,,,,,0.0299,,,0.0932
404,0.0069,,0.0405,,,,,,,,,0.0291,,,0.0913
405,0.0069,,0.0392,,,,,,,,,0.0279,,,0.0894
406,0.0069,,0.0379,,,,,,,,,0.0275,,,0.0875
407,0.0069,,0.0367,,,,,,,,,0.0257,,,0.0857
408,0.0069,,0.0355,,,,,,,,,0.0242,,,0.0839
409,0.0069,,0.0343,,,,,,,,,0.023,,,0.0822
410,0.0069,,0.0332,,,,,,,,,0.0231,,,0.0805
411,0.0069,,0.0322,,,,,,,,,0.0224,,,0.0788
412,0.0072,,0.0312,,,,,,,,,0.0225,,,0.0772
413,0.0092,,0.0303,,,,,,,,,0.021,,,0.0757
414,0.0118,,0.0295,,,,,,,,,0.0216,,,0.0742
415,0.013,,0.0287,,,,,,,,,0.0206,,,0.0728
416,0.0111,,0.028,,,,,,,,,0.0202,,,0.0714
417,0.0067,,0.0273,,,,,,,,,0.0207,,,0.0701
418,0.007,,0.0268,,,,,,,,,0.0204,,,0.0689
419,0.0069,,0.0263,,,,,,,,,0.0202,,,0.0677
420,0.0074,,0.0258,,,,,,,,,0.0202,,,0.0666
421,0.0082,,0.0254,,,,,,,,,0.0195,,,0.0655
422,0.0093,,0.0251,,,,,,,,,0.0197,,,0.0645
423,0.0101,,0.0248,,,,,,,,,0.0197,,,0.0635
424,0.0104,,0.0246,,,,,,,,,0.0191,,,0.0626
425,0.0103,,0.0245,,,,,,,,,0.0191,,,0.0618
426,0.0107,,0.0244,,,,,,,,,0.0191,,,0.061
427,0.0117,,0.0244,,,,,,,,,0.0197,,,0.0602
428,0.013,,0.0245,,,,,,,,,0.0202,,,0.0595
429,0.0142,,0.0246,,,,,,,,,0.0205,,,0.0588
430,0.0152,,0.0247,,,,,,,,,0.021,,,0.0582
431,0.0156,,0.0249,,,,,,,,,0.0218,,,0.0577
432,0.0156,,0.0251,,,,,,,,,0.0221,,,0.0571
433,0.0155,,0.0254,,,,,,,,,0.0219,,,0.0566
434,0.0166,,0.0257,,,,,,,,,0.023,,,0.0562
435,0.0188,,0.026,,,,,,,,,0.0232,,,0.0558
436,0.0206,,0.0263,,,,,,,,,0.0236,,,0.0554
437,0.0208,,0.0267,,,,,,,,,0.0244,,,0.0551
438,0.0207,,0.0271,,,,,,,,,0.0246,,,0.0547
439,0.0212,,0.0275,,,,,,,,,0.0246,,,0.0545
440,0.0191,,0.0279,,,,,,,,,0.025,,,0.0542
441,0.0167,,0.0283,,,,,,,,,0.0257,,,0.054
442,0.0181,,0.0287,,,,,,,,,0.027,,,0.0538
443,0.0245,,0.0291,,,,,,,,,0.0266,,,0.0537
444,0.0289,,0.0295,,,,,,,,,0.0262,,,0.0535
445,0.0294,,0.0299,,,,,,,,,0.0265,,,0.0534
446,0.0264,,0.0303,,,,,,,,,0.0266,,,0.0533
447,0.0233,,0.0306,,,,,,,,,0.0273,,,0.0533
448,0.0259,,0.031,,,,,,,,,0.0278,,,0.0532
449,0.0352,,0.0314,,,,,,,,,0.0281,,,0.0532
450,0.0382,,0.0317,,,,,,,,,0.0281,,,0.0532
451,0.0382,,0.0321,,,,0.0231,,,,,0.0286,,,0.0532
452,0.0411,,0.0324,,,,0.023,,,,,0.0282,,,0.0532
453,0.0456,,0.0328,,,,0.0236,,,,,0.0288,,,0.0533
454,0.0484,,0.0331,,,,0.025,,,,,0.0305,,,0.0533
455,0.048,,0.0334,,,,0.0256,,,,,0.0313,,,0.0533
456,0.0485,,0.0338,,,,0.0261,,,,,0.0328,,,0.0532
457,0.0484,,0.0341,,,,0.0276,,,,,0.0329,,,0.0531
458,0.0501,,0.0345,,,,0.0285,,,,,0.0329,,,0.0531
459,0.0534,,0.0348,,,,0.029,,,,,0.0331,,,0.0532
460,0.0571,,0.0352,,,,0.0297,,,,,0.0334,,,0.0532
461,0.0599,,0.0355,,,,0.0304,,,,,0.0349,,,0.0532
462,0.0604,,0.0359,,,,0.031,,,,,0.0353,,,0.0532
463,0.0598,,0.0363,,,,0.0319,,,,,0.0363,,,0.0531
464,0.0656,,0.0366,,,,0.0327,,,,,0.0351,,,0.053
465,0.0702,,0.037,,,,0.0342,,,,,0.0361,,,0.0529
466,0.074,,0.0374,,,,0.0356,,,,,0.0376,,,0.0529
467,0.0799,,0.0378,,,,0.0359,,,,,0.0389,,,0.0528
468,0.0849,,0.0382,,,,0.0364,,,,,0.0403,,,0.0528
469,0.0862,,0.0387,,,,0.0376,,,,,0.0407,,,0.0528
470,0.0855,,0.0391,,,,0.0391,,,,,0.0428,,,0.0528
471,0.0849,,0.0396,,,,0.0405,,,,,0.0438,,,0.053
472,0.0882,,0.0402,,,,0.0416,,,,,0.0446,,,0.0531
473,0.092,,0.0407,,,,0.0429,,,,,0.0454,,,0.0534
474,0.0953,,0.0413,,,,0.0438,,,,,0.0483,,,0.0538
475,0.0983,,0.042,,,,0.0457,,,,,0.0482,,,0.0542
476,0.0991,,0.0427,,,,0.0473,,,,,0.0509,,,0.0548
477,0.0986,,0.0435,,,,0.0492,,,,,0.0539,,,0.0554
478,0.1043,,0.0444,,,,0.0511,,,,,0.0578,,,0.056
479,0.1099,,0.0454,,,,0.0527,,,,,0.0613,,,0.0567
480,0.1069,,0.0464,,,,0.0547,,,,,0.0645,,,0.0575
481,0.1137,,0.0476,,,,0.0547,,,,,0.0651,,,0.0583
482,0.1264,,0.0488,,,,0.0564,,,,,0.0636,,,0.0592
483,0.1401,,0.0502,,,,0.0579,,,,,0.0639,,,0.0601
484,0.1452,,0.0517,,,,0.0596,,,,,0.066,,,0.061
485,0.144,,0.0533,,,,0.0615,,,,,0.0684,,,0.062
486,0.162,,0.055,,,,0.0634,,,,,0.0683,,,0.0631
487,0.1588,,0.0569,,,,0.0657,,,,,0.0697,,,0.0643
488,0.1757,,0.0589,,,,0.0683,,,,,0.0717,,,0.0655
489,0.1773,,0.061,,,,0.071,,,,,0.0745,,,0.0666
490,0.1863,,0.0633,,,,0.0741,,,,,0.0748,,,0.0677
491,0.1944,,0.0657,,,,0.0755,,,,,0.0776,,,0.0688
492,0.197,,0.0682,,,,0.0784,,,,,0.0805,,,0.0702
493,0.2125,,0.0708,,,,0.0819,,,,,0.0845,,,0.0717
494,0.2111,,0.0735,,,,0.0857,,,,,0.0866,,,0.0734
495,0.2062,,0.0763,,,,0.0891,,,,,0.0895,,,0.0751
496,0.2194,,0.0792,,,,0.0918,,,,,0.0941,,,0.0769
497,0.2269,,0.0822,,,,0.0942,,,,,0.097,,,0.0788
498,0.229,,0.0853,,,,0.0985,,,,,0.102,,,0.081
499,0.2421,,0.0885,,,,0.1017,,,,,0.1091,,,0.0835
500,0.2404,,0.0917,,,,0.105,,,,,0.1109,,,0.0862
501,0.2599,,0.0951,,,,0.109,,,0.1607,,0.1125,,,0.0893
502,0.2558,,0.0985,,,,0.1138,,,0.1683,,0.1163,,,0.0925
503,0.2737,,0.102,,,,0.119,0.0806,,0.1749,,0.1209,,,0.0957
504,0.2733,,0.1055,,,,0.1241,0.0857,,0.1823,,0.1237,,,0.099
505,0.2717,,0.1091,,,,0.1295,0.0918,,0.189,,0.1339,,,0.1023
506,0.2915,,0.1129,,,,0.1317,0.0982,,0.1958,,0.1383,,,0.1057
507,0.2891,,0.1166,,,,0.1359,0.1041,,0.2048,,0.1448,,,0.1093
508,0.3017,,0.1205,,,,0.1412,0.1097,,0.2103,,0.149,,,0.1129
509,0.3239,,0.1244,,,,0.1466,0.1154,,0.2184,,0.1534,,,0.1167
510,0.331,,0.1284,,,,0.1515,0.1201,,0.227,,0.1578,,,0.1204
511,0.3381,,0.1325,,,,0.1574,0.1252,,0.2355,,0.1622,,,0.1241
512,0.3598,,0.1367,,,,0.1592,0.1309,,0.2433,,0.1652,,,0.1277
513,0.3515,,0.1409,,,,0.1648,0.1368,,0.2521,,0.1721,,,0.1312
514,0.3863,,0.1452,,,,0.1691,0.1421,,0.2592,,0.1796,,,0.1347
515,0.4092,,0.1497,,,,0.1734,0.1477,,0.2678,,0.187,,,0.1383
516,0.4059,,0.1542,,,,0.1781,0.1543,,0.2744,,0.1919,,,0.142
517,0.4249,,0.1589,,,,0.1837,0.1615,,0.2839,,0.1919,,,0.1459
518,0.4332,,0.1636,,,,0.1895,0.1678,,0.2926,,0.2001,,,0.1497
519,0.4617,,0.1686,,,,0.195,0.1743,,0.3034,,0.2072,,,0.1535
520,0.4765,,0.1736,,,,0.2007,0.1813,,0.3161,,0.216,,,0.1573
521,0.4932,0.0035,0.1789,,,,0.204,0.1897,,0.3287,,0.2219,,,0.1614
522,0.5028,0.0035,0.1843,,,,0.2113,0.1973,,0.3425,,0.23,,,0.1658
523,0.5259,0.0035,0.1899,,,,0.2197,0.2061,,0.3555,,0.2389,,,0.1705
524,0.5315,0.0035,0.1956,,,,0.2277,0.2145,,0.3678,,0.2568,,,0.1752
525,0.5428,0.0035,0.2016,,,,0.2362,0.2243,,0.3764,,0.2682,,,0.1799
526,0.5633,0.0035,0.2079,,,,0.2391,0.2343,,0.3842,,0.2707,,,0.1848
527,0.5774,0.0035,0.2143,,,,0.2473,0.2438,,0.3946,,0.2646,,,0.1902
528,0.591,0.0035,0.2211,,,,0.2553,0.2504,,0.4084,,0.2739,,,0.1961
529,0.5945,0.0035,0.2281,,,,0.263,0.2588,,0.4212,,0.2854,,,0.2026
530,0.6019,0.0035,0.2354,,,,0.2714,0.2685,,0.4298,,0.2917,,,0.2095
531,0.6103,0.0035,0.2431,,,,0.2808,0.2785,,0.4406,,0.2927,,,0.2167
532,0.6106,0.0035,0.2511,,,,0.2911,0.2876,,0.4515,,0.2948,,,0.2243
533,0.626,0.0035,0.2595,,,,0.2962,0.2984,,0.4655,,0.3054,,,0.2322
534,0.6243,0.0035,0.2684,,,,0.3081,0.309,,0.4772,,0.3173,,,0.2405
535,0.6246,0.0035,0.2778,,,,0.3218,0.3218,,0.4888,,0.3369,,,0.249
536,0.6282,0.0035,0.2877,,,,0.3332,0.335,,0.5006,,0.3568,,,0.258
537,0.6297,0.0035,0.298,,,,0.3402,0.3471,,0.5124,,0.369,,,0.2673
538,0.6297,0.0038,0.3087,,,,0.3541,0.3592,,0.5247,,0.3852,,,0.2774
539,0.6298,0.0053,0.3198,,,,0.3676,0.3718,,0.5389,,0.3889,,,0.288
540,0.6281,0.0051,0.3312,,,,0.3796,0.3845,,0.548,,0.3917,,,0.2989
541,0.6302,0.0052,0.3428,,,,0.3935,0.3961,,0.5583,,0.403,,,0.31
542,0.6365,0.0051,0.3548,,,,0.4026,0.4061,,0.5684,,0.4057,,,0.321
543,0.6437,0.0052,0.3669,,,,0.416,0.4167,,0.5767,,0.4234,,,0.3318
544,0.6486,0.0061,0.3792,,,,0.4317,0.4266,,0.582,,0.4306,,,0.343
545,0.6618,0.0089,0.3914,,,,0.4445,0.4368,,0.5898,,0.4288,,,0.3545
546,0.6607,0.0086,0.4035,,,,0.4504,0.4466,,0.6006,,0.4321,,,0.3663
547,0.6636,0.0123,0.4153,,,,0.4619,0.4558,,0.6109,,0.4464,,,0.378
548,0.6758,0.0129,0.4268,,,,0.4723,0.4659,,0.6218,,0.4736,,,0.3894
549,0.6941,0.0173,0.438,0.0079,,,0.4829,0.4794,,0.6294,,0.494,,,0.4005
550,0.6975,0.0174,0.4489,0.0076,,,0.4935,0.4936,,0.6425,,0.4969,,,0.4115
551,0.7241,0.0219,0.4596,0.0072,,,0.5034,0.5085,,0.6526,,0.5004,,,0.4227
552,0.7275,0.0229,0.4702,0.0069,,,0.5099,0.5196,,0.6633,,0.5002,,,0.4338
553,0.7427,0.0315,0.4806,0.0067,,,0.5163,0.5299,,0.6721,,0.5142,,,0.4446
554,0.7545,0.0357,0.4904,0.0065,,,0.5259,0.5391,,0.681,,0.5242,,,0.4548
555,0.7767,0.0466,0.4993,0.0063,,0.0059,0.5362,0.5464,,0.6896,,0.5329,,,0.4644
556,0.7912,0.0516,0.507,0.0063,,0.0059,0.5446,0.5534,,0.699,,0.5332,,,0.4737
557,0.8281,0.0713,0.5136,0.0064,,0.0058,0.5474,0.5614,,0.7065,,0.537,,,0.4827
558,0.8329,0.074,0.5194,0.0066,,0.0057,0.5545,0.5693,,0.714,,0.5407,,,0.4912
559,0.8763,0.1045,0.5248,0.007,,0.0058,0.5613,0.5768,,0.7245,,0.5502,,,0.4994
560,0.8797,0.1109,0.5299,0.0075,,0.0059,0.5679,0.5844,,0.7359,,0.5602,,,0.5068
561,0.8972,0.1297,0.535,0.0083,,0.006,0.5733,0.5926,,0.7465,,0.5819,,,0.5135
562,0.9021,0.1405,0.5401,0.0092,,0.0068,0.5782,0.6018,,0.7549,,0.5885,,,0.5203
563,0.9465,0.1927,0.5455,0.0104,,0.0079,0.5836,0.6111,,0.7617,,0.5936,,,0.5268
564,0.9503,0.1977,0.5512,0.0118,,0.009,0.5889,0.6194,,0.7726,,0.6042,,,0.5322
565,0.9773,0.2473,0.5573,0.0134,,0.0109,0.5944,0.6288,,0.7855,,0.5991,,,0.5373
566,0.9805,0.2554,0.5637,0.0152,,0.0132,0.5986,0.6374,,0.7967,,0.6067,,,0.5425
567,1.0,0.2977,0.5704,0.0171,,0.0154,0.6084,0.6477,,0.8104,,0.6148,,,0.5482
568,0.9977,0.3208,0.5772,0.0193,,0.0176,0.6195,0.6587,,0.8217,,0.6351,0.0279,,0.5549
569,0.9981,0.3954,0.5841,0.0215,,0.0198,0.6285,0.6694,,0.8275,,0.6376,0.0288,,0.5616
570,0.9994,0.4061,0.5911,0.024,,0.0218,0.6337,0.6768,,0.8386,,0.6415,0.0286,,0.5684
571,0.9918,0.4696,0.5987,0.0265,,0.0228,0.6443,0.6889,,0.8524,,0.6426,0.0294,,0.5756
572,0.9799,0.4759,0.6074,0.0292,,0.0238,0.6537,0.7015,,0.8635,,0.6588,0.0289,,0.5833
573,0.972,0.5623,0.617,0.032,,0.0268,0.6638,0.7157,,0.874,,0.6734,0.0299,,0.5919
574,0.9667,0.5922,0.6268,0.0349,,0.0308,0.6758,0.7292,,0.8828,,0.6787,0.0308,,0.601
575,0.9457,0.6477,0.6363,0.0379,,0.0352,0.6906,0.7431,,0.8914,,0.6837,0.032,,0.6105
576,0.9344,0.6688,0.6458,0.0411,,0.0409,0.7008,0.7578,,0.904,,0.6851,0.0324,,0.6205
577,0.8959,0.739,0.656,0.0445,,0.0488,0.7232,0.7758,,0.9142,,0.7,0.0337,,0.6312
578,0.8889,0.7579,0.6676,0.0481,,0.0554,0.7444,0.7934,,0.9275,,0.7073,0.0347,,0.6426
579,0.8573,0.8216,0.6813,0.052,,0.0636,0.7527,0.8089,,0.9375,,0.7265,0.0369,,0.6545
580,0.6602,0.8289,0.6975,0.0561,,0.0719,0.7684,0.8241,,0.9478,,0.7372,0.0387,,0.6669
581,0.6439,0.8661,0.7152,0.0604,,0.0786,0.7834,0.8404,,0.9577,,0.7651,0.0411,,0.6801
582,0.6277,0.8766,0.7334,0.0649,,0.0834,0.7995,0.8582,,0.9663,,0.7784,0.043,,0.6943
583,0.6115,0.9164,0.7508,0.0696,,0.0927,0.8124,0.8765,,0.9732,,0.8032,0.0452,,0.7099
584,0.5981,0.9176,0.7674,0.0745,,0.1009,0.8329,0.894,,0.9806,,0.8181,0.0494,,0.7263
585,0.5844,0.9528,0.7833,0.0795,,0.1104,0.8564,0.9105,,0.9873,,0.8288,0.0525,,0.7431
586,0.571,0.9653,0.7989,0.0846,,0.1201,0.872,0.9257,,0.9922,,0.836,0.0565,,0.7605
587,0.5155,0.9826,0.8146,0.0898,,0.1298,0.8837,0.9402,,0.9942,,0.8537,0.0589,,0.7786
588,0.4682,0.9855,0.8306,0.0951,,0.1409,0.9,0.953,,0.9975,,0.8634,0.063,,0.7966
589,0.4331,0.9947,0.8469,0.1006,,0.1464,0.9145,0.964,,1.0,,0.8814,0.0678,,0.8146
590,0.4278,0.9955,0.8633,0.1062,,0.1622,0.9286,0.9731,,0.9969,,0.9013,0.0734,,0.8329
591,0.3591,0.9998,0.8799,0.1121,,0.1794,0.9379,0.981,,0.9893,,0.9338,0.0792,,0.851
592,0.3459,1.0,0.8965,0.1184,,0.1873,0.9522,0.988,,0.9807,,0.9432,0.0868,,0.8695
593,0.298,0.9994,0.913,0.125,,0.1977,0.968,0.9935,,0.971,,0.9524,0.0951,,0.8883
594,0.2804,0.9981,0.9291,0.1321,,0.2088,0.9804,0.9964,,0.9593,,0.9623,0.1018,,0.9058
595,0.2447,0.9981,0.9442,0.1393,,0.2204,0.9838,0.9984,,0.9482,,0.9564,0.109,,0.9224
596,0.2356,0.9945,0.9579,0.1465,,0.2317,0.9915,1.0,,0.9363,,0.9578,0.1154,,0.9387
597,0.1951,0.9949,0.97,0.1536,,0.2446,0.996,0.9958,,0.9262,,0.9714,0.1246,,0.953
598,0.1917,0.9949,0.9804,0.1604,,0.2518,0.9991,0.9898,,0.9108,,0.9775,0.1301,,0.9654
599,0.1499,0.9889,0.9889,0.1673,,0.2668,1.0,0.9821,,0.8993,,0.9886,0.1509,,0.9769
600,0.1459,0.985,0.9953,0.1746,,0.2846,0.9954,0.9741,,0.8803,,0.998,0.1647,,0.9867
601,0.1082,0.9677,0.9992,0.1826,,0.3003,0.9866,0.9613,,0.8613,0.1085,1.0,0.1753,,0.9939
602,0.0945,0.9539,1.0,0.1915,,0.3107,0.976,0.9476,,0.8398,0.1207,0.9869,0.189,,0.9979
603,0.0934,0.9399,0.9977,0.2016,,0.3284,0.9664,0.9313,,0.8192,0.1329,0.9718,0.2028,,1.0
604,0.0812,0.931,0.9926,0.213,,0.3459,0.9457,0.9102,0.0489,0.7915,0.1477,0.9638,0.22,,1.0
605,0.0669,0.8968,0.9851,0.2255,,0.3652,0.9244,0.8881,0.0599,0.7693,0.1636,0.9574,0.2354,,0.9973
606,0.062,0.8938,0.9753,0.2386,,0.3819,0.911,0.8669,0.0709,0.7421,0.1795,0.9535,0.252,,0.9915
607,0.0575,0.8773,0.9625,0.2523,,0.4069,0.8855,0.8431,0.0819,0.7173,0.1975,0.9439,0.2691,,0.9819
608,0.046,0.8681,0.9461,0.2662,,0.423,0.8657,0.8178,0.0958,0.6887,0.2164,0.8978,0.2881,,0.9688
609,0.0433,0.8562,0.926,0.2805,,0.4347,0.8343,0.7895,0.1136,0.6558,0.2375,0.8701,0.3097,,0.9525
610,0.04,0.8543,0.9031,0.2953,,0.4507,0.7989,0.7598,0.1405,0.6234,0.2612,0.84,0.3349,,0.9334
611,0.035,0.8356,0.8783,0.3113,,0.4695,0.7705,0.7301,0.1639,0.5947,0.2922,0.8285,0.3576,,0.9113
612,0.0297,0.8283,0.853,0.3287,,0.4895,0.7446,0.6994,0.1793,0.5626,0.324,0.7986,0.3945,,0.8863
613,0.0246,0.8081,0.8268,0.3477,,0.5093,0.7092,0.6673,0.2025,0.534,0.3597,0.7657,0.4069,,0.8593
614,0.0207,0.8,0.7991,0.3682,,0.5274,0.666,0.6328,0.229,0.5001,0.3938,0.7561,0.4343,,0.83
615,0.0191,0.7816,0.7691,0.3897,,0.5422,0.6347,0.5968,0.2616,0.4747,0.4247,0.7244,0.4487,,0.7988
616,0.0181,0.7799,0.7371,0.4119,,0.5611,0.6025,0.5581,0.2909,0.447,0.4538,0.6921,0.4805,,0.7654
617,0.0116,0.7603,0.7033,0.4346,,0.5895,0.561,0.531,0.32,0.4172,0.4813,0.6615,0.5029,,0.7314
618,0.0097,0.7576,0.6683,0.4573,,0.6087,0.5217,0.5036,0.3484,0.3887,0.5077,0.607,0.5408,,0.6966
619,0.0114,0.7392,0.6328,0.4798,,0.6329,0.4928,0.4696,0.3776,0.3625,0.5353,0.5792,0.5732,,0.6615
620,0.011,0.7305,0.5975,0.5019,,0.6589,0.4596,0.4365,0.4072,0.3414,0.564,0.5509,0.5961,,0.6266
621,0.0067,0.7123,0.5634,0.5237,,0.6745,0.4244,0.4021,0.4367,0.3146,0.5926,0.5189,0.6095,,0.5908
622,0.007,0.6955,0.531,0.5451,,0.6963,0.3912,0.3714,0.466,0.2868,0.6204,0.4946,0.6432,,0.5543
623,0.0066,0.6858,0.5002,0.5662,,0.7183,0.3604,0.336,0.495,0.262,0.6465,0.4616,0.6693,,0.5187
624,0.0059,0.6809,0.4708,0.5871,,0.7362,0.3394,0.3279,0.5238,0.2425,0.671,0.4086,0.6972,,0.4836
625,0.0053,0.6674,0.4424,0.6076,,0.7553,0.3129,0.2988,0.5522,0.2244,0.6948,0.3919,0.7115,,0.4514
626,0.0052,0.665,0.4149,0.628,,0.7785,0.2809,0.2741,0.5802,0.2059,0.7189,0.3762,0.7434,,0.4211
627,0.0052,0.6608,0.3879,0.6482,,0.7973,0.259,0.2522,0.6075,0.1901,0.7421,0.3437,0.7696,,0.3927
628,0.0052,0.6497,0.3614,0.6682,,0.8136,0.2401,0.2326,0.6352,0.1724,0.7646,0.3223,0.7894,,0.3667
629,,0.6465,0.3352,0.6879,,0.831,0.22,0.2134,0.6624,0.1565,0.7857,0.2927,0.8014,,0.3417
630,,0.6451,0.3093,0.7073,,0.8447,0.204,0.195,0.6886,0.1409,0.8054,0.2673,0.8323,,0.317
631,,0.6232,0.2843,0.7264,,0.8592,0.1909,0.1756,0.7146,0.1265,0.8249,0.249,0.8515,,0.2932
632,,0.6169,0.2606,0.7451,,0.8671,0.1651,0.157,0.74,0.1142,0.8446,0.2307,0.8665,,0.2707
633,,0.5986,0.2386,0.7634,,0.8833,0.1426,0.1404,0.7642,0.1017,0.8642,0.2163,0.8839,,0.2493
634,,0.5855,0.2183,0.7811,,0.9016,0.1364,0.1249,0.7868,0.0893,0.8837,0.2084,0.8992,,0.2301
635,,0.5775,0.1998,0.7983,,0.9112,0.1229,0.1087,0.808,0.0781,0.9021,0.192,0.9093,,0.2125
636,,0.5724,0.183,0.8146,,0.9216,0.1126,0.0939,0.8277,0.0679,0.9187,0.1815,0.9196,,0.1962
637,,0.567,0.168,0.8302,,0.9311,0.1039,0.0808,0.8457,0.0589,0.9329,0.1519,0.9411,,0.181
638,,0.5651,0.1546,0.8451,,0.9398,0.0951,0.0695,0.8631,0.0511,0.9449,0.1402,0.948,,0.1677
639,,0.5455,0.1425,0.8594,,0.9475,0.0865,0.0591,0.8809,0.0455,0.9547,0.1278,0.9516,,0.1557
640,,0.5436,0.1314,0.8731,,0.9554,0.0816,0.0508,0.8977,0.0387,0.9634,0.1176,0.9629,,0.1442
641,,0.5297,0.121,0.8863,,0.9652,0.0743,0.0433,0.9128,0.0327,0.9712,0.1142,0.9736,,0.1324
642,,0.5142,0.111,0.8987,,0.9715,0.0655,0.0369,0.9269,0.0258,0.9773,0.1015,0.9789,,0.1206
643,,0.5154,0.1013,0.9103,,0.9756,0.0572,0.0294,0.9401,0.0196,0.9822,0.0887,0.9837,,0.1093
644,,0.5146,0.0921,0.9211,,0.9807,0.0484,0.022,0.9557,0.0153,0.9884,0.0827,0.9849,,0.0987
645,,0.494,0.0835,0.9311,,0.9864,0.0466,0.012,0.9667,0.0111,0.9961,0.0748,0.9947,,0.0889
646,,0.4877,0.0758,0.9404,,0.9938,0.0408,0.007,0.9742,0.007,0.9981,0.0655,1.0,,0.0798
647,,0.4807,0.0689,0.9491,,0.999,0.0361,,0.98,0.0047,1.0,0.0594,0.9928,,0.0715
648,,0.4726,0.0629,0.9572,,1.0,0.0319,,0.9862,,0.9987,0.0543,0.9853,,0.0639
649,,0.4629,0.0575,0.9648,,0.9985,0.0281,,0.9919,,0.9965,0.0485,0.9972,,0.0569
650,,0.4543,0.0527,0.9719,,0.9968,,,0.9963,,0.9954,0.0428,0.9883,,0.0504
651,,0.4411,0.0482,0.9785,,0.9956,,,0.9961,,0.993,0.0378,0.9922,,0.0445
652,,0.4312,0.0441,0.9845,,0.994,,,0.9974,,0.9908,0.0359,0.991,,0.0389
653,,0.4167,0.0403,0.9897,,0.992,,,0.9982,,0.9898,0.035,0.9834,,0.034
654,,0.4078,0.0368,0.9937,,0.9863,,,0.9991,,0.9855,0.0295,0.9739,,0.0298
655,,0.3912,0.0335,0.9966,,0.9815,,,0.9997,,0.9807,0.0263,0.9725,,0.0263
656,,0.38,0.0305,0.9987,,0.9772,,,1.0,,0.9737,0.0267,0.9777,,0.0233
657,,0.3714,0.0278,0.9998,,0.972,,,0.9967,,0.9646,0.0227,0.9537,,0.0207
658,,0.3695,0.0253,1.0,,0.9662,,,0.9915,,0.9568,0.02,0.9507,,0.0186
659,,0.3533,0.023,0.9991,,0.9599,,,0.9871,,0.9501,0.0176,0.947,,0.0168
660,,0.3488,0.021,0.9974,,0.9533,,,0.9838,,0.944,0.0168,0.9364,,0.0152
661,,0.3416,0.0192,0.9948,,0.9465,,,0.9795,,0.9357,0.0161,0.9258,,0.0137
662,,0.3293,0.0177,0.9915,,0.9397,,,0.9709,,0.9248,0.0136,0.9351,,0.0123
663,,0.3243,0.0164,0.9875,,0.933,,,0.9586,,0.9134,0.0125,0.9099,,0.0109
664,,0.3144,0.0153,0.9828,,0.9267,,,0.9486,,0.9014,0.0112,0.8934,,0.0094
665,,0.3109,0.0144,0.9775,,0.9208,,,0.9383,,0.8894,0.0102,0.8905,,0.0077
666,,0.3059,0.0136,0.9715,,0.9156,,,0.9273,,0.8772,0.0099,0.881,,0.006
667,,0.2957,0.0129,0.965,,0.9096,,,0.9156,,0.8658,0.0096,0.8679,,0.0046
668,,0.2881,0.0122,0.9578,,0.9004,,,0.9032,,0.8553,0.0073,0.8506,,0.0035
669,,0.2776,0.0115,0.9501,,0.8898,,,0.8905,,0.8377,0.0069,0.8456,,0.0025
670,,0.2699,0.011,0.9418,,0.8842,,,0.878,,0.8244,0.0072,0.8467,,0.0018
671,,0.2662,0.0104,0.933,,0.876,,,0.865,,0.809,0.0067,0.8314,,0.0012
672,,0.263,0.0099,0.9237,,0.8659,,,0.8506,,0.7912,0.006,0.8077,,0.0007
673,,0.2541,0.0095,0.914,,0.8547,,,0.8355,,0.774,,0.7957,,0.0004
674,,0.2499,0.0091,0.9038,,0.8429,,,0.8204,,0.7584,,0.7886,,0.0001
675,,0.2368,0.0086,0.8934,,0.831,,,0.8056,,0.7427,,0.7733,,0.0
676,,0.2284,0.0082,0.8827,,0.8198,,,0.7909,,0.7281,,0.7627,,0.0
677,,0.2259,0.0078,0.8718,,0.8098,,,0.7763,,0.7132,,0.7577,,0.0
678,,0.2083,0.0074,0.8607,,0.8017,,,0.7608,,0.6952,,0.7384,,0.0
679,,0.2068,0.0071,0.8494,,0.7915,,,0.7449,,0.6808,,0.7296,,0.0
680,,0.203,0.0067,0.838,,0.7787,,,0.729,,0.666,,0.7241,,0.0
681,,0.1959,0.0063,0.8265,,0.7688,,,0.7134,,0.6518,,0.7109,,0.0
682,,0.1944,0.0059,0.8149,,0.7564,,,0.6979,,0.6379,,0.698,,0.0
683,,0.1911,,0.8032,,0.7455,,,0.6815,,0.6234,,0.6777,,0.0
684,,0.1838,,0.7915,,0.736,,,0.6645,,0.609,,0.6666,,0.0
685,,0.1814,,0.7797,,0.7224,,,0.6475,,0.594,,0.651,,0.0
686,,0.1769,,0.768,,0.7058,,,0.631,,0.5779,,0.6405,,0.0
687,,0.1713,,0.7564,,0.6966,,,0.6153,,0.5606,,0.6262,,0.0
688,,0.1664,,0.745,,0.6874,,,0.6004,,0.5429,,0.6209,,0.0
689,,0.1646,,0.7336,,0.6762,,,0.5847,,0.5261,,0.6122,,0.0
690,,0.1561,,0.7222,,0.6637,,,0.5726,,0.5114,,0.6006,,0.0
691,,0.1535,,0.7106,,0.6504,,,0.5541,,0.4988,,0.5717,,0.0
692,,0.1477,,0.6987,,0.6369,,,0.5399,,0.4869,,0.5594,,0.0
693,,0.1473,,0.6864,,0.624,,,0.5263,,0.474,,0.547,,0.0
694,,0.1442,,0.6735,,0.6121,,,0.5107,,0.4596,,0.5362,,0.0
695,,0.1428,,0.6601,,0.6019,,,0.4942,,0.4452,,0.5156,,0.0003
696,,0.142,,0.6466,,0.5939,,,0.4777,,0.4326,,0.499,,0.0008
697,,0.1388,,0.6334,,0.5868,,,0.4626,,0.4218,,0.4793,,0.0014
698,,0.1294,,0.6206,,0.5734,,,0.4497,,0.412,,0.4659,,
699,,0.1279,,0.6086,,0.5632,,,0.4315,,0.3957,,0.4436,,
700,,0.1235,,0.5973,,0.5556,,,0.4181,,0.3815,,0.4276,,
701,,0.1205,,0.5866,,0.5443,,,0.4065,,0.3681,,0.42,,
702,,0.1186,,0.5762,,0.5324,,,0.3952,,0.3562,,0.3995,,
703,,0.1176,,0.5661,,0.5227,,,0.3818,,0.3465,,0.3821,,
704,,0.1151,,0.556,,0.5154,,,0.3675,,0.3351,,0.3726,,
705,,0.1138,,0.546,,0.505,,,0.3531,,0.3212,,0.3602,,
706,,0.1071,,0.5358,,0.4961,,,0.3368,,0.3054,,0.3532,,
707,,0.1065,,0.5256,,0.4852,,,0.3201,,0.2929,,0.3405,,
708,,0.1048,,0.5153,,0.4752,,,0.3033,,0.2802,,0.331,,
709,,0.1026,,0.5052,,0.4652,,,0.2863,,0.267,,0.3231,,
710,,0.0978,,0.4951,,0.4584,,,0.2713,,0.2547,,0.3095,,
711,,0.0978,,0.4852,,0.4506,,,0.2582,,0.2429,,0.2997,,
712,,0.0919,,0.4756,,0.4406,,,0.2462,,0.2292,,0.2989,,
713,,0.0911,,0.4662,,0.4306,,,0.2349,,0.2163,,0.2876,,
714,,0.0912,,0.457,,0.4228,,,0.2238,,0.2075,,0.2841,,
715,,0.0886,,0.448,,0.4182,,,0.2133,,0.1945,,0.2752,,
716,,0.0821,,0.4393,,0.4094,,,0.2026,,0.1835,,0.2697,,
717,,0.0826,,0.4308,,0.4009,,,0.1924,,0.1741,,0.2636,,
718,,0.0824,,0.4225,,0.3924,,,0.183,,0.1646,,0.253,,
719,,0.0819,,0.4144,,0.3846,,,0.1744,,0.1609,,0.2456,,
720,,0.0777,,0.4065,,0.3772,,,0.1663,,0.1536,,0.2432,,
721,,0.0773,,0.3988,,0.3677,,,0.1589,,0.1461,,0.2398,,
722,,0.0775,,0.3912,,0.3617,,,0.1524,,0.138,,0.2319,,
723,,0.0754,,0.3838,,0.3559,,,0.1467,,0.131,,0.2263,,
724,,0.0722,,0.3764,4.9842,0.3488,,,0.1415,,0.126,,0.2232,,
725,,0.0715,,0.3692,4.8755,0.3411,,,0.1364,,0.1226,,0.218,,
726,,0.066,,0.3621,4.7645,0.3333,,,0.131,,0.1191,,0.2101,,
727,,0.0653,,0.355,4.6511,0.3262,,,0.1256,,0.1133,,0.206,,
728,,0.0596,,0.348,4.5354,0.3205,,,0.1203,,0.1073,,0.2022,,
729,,0.0602,,0.341,4.4239,0.3154,,,0.1146,,0.1033,,0.1971,,
730,,0.0601,,0.334,4.3061,0.308,,,0.1084,,0.0993,,0.1934,,
731,,0.0614,,0.3271,4.1558,0.3021,,,0.1022,,0.0943,,0.1897,,
732,,0.0637,,0.3203,4.0155,0.2966,,,0.0966,,0.0892,,0.1858,,
733,,0.0635,,0.3136,3.9016,0.2909,,,0.0914,,0.0838,,0.1824,,
734,,0.061,,0.3069,3.811,0.2834,,,0.0863,,0.0782,,0.1772,,
735,,0.059,,0.3005,3.7523,0.2774,,,0.0816,,0.0724,,0.1763,,
736,,0.0548,,0.2942,3.7477,0.2727,,,0.0757,,0.0654,,0.1688,,
737,,0.0554,,0.2881,3.7991,0.2669,,,0.0683,,0.0601,,0.1663,,
738,,0.052,,0.2821,3.8759,0.2607,,,0.06,,0.0577,,0.1635,,
739,,0.0514,,0.2764,3.9599,0.2549,,,0.0512,,0.0527,,0.1616,,
740,,0.0495,,0.271,4.027,0.2504,,,,,0.0481,,0.1552,,
741,,0.0501,,0.2657,4.0465,0.2466,,,,,0.0431,,0.1556,,
742,,0.0461,,0.2606,4.0302,0.2407,,,,,,,0.1525,,
743,,0.0465,,0.2557,3.9565,0.2366,,,,,,,0.1496,,
744,,0.0412,,0.2509,3.866,0.2337,,,,,,,0.1432,,
745,,0.0412,,0.2463,3.8263,0.2274,,,,,,,0.1415,,
746,,0.0412,,0.2418,3.8298,0.2214,,,,,,,0.1368,,
747,,0.0412,,0.2374,3.8503,0.2159,,,,,,,0.1337,,
748,,0.0412,,0.2331,3.8928,0.2109,,,,,,,0.1331,,
749,,,,0.2288,3.9973,,,,,,,,0.1296,,
750,,,,0.2246,4.0922,,,,,,,,0.1274,,
751,,,,0.2204,4.1068,,,,,,,,0.125,,
752,,,,0.2162,4.0794,,,,,,,,0.1205,,
753,,,,0.2121,4.0112,,,,,,,,0.1174,,
754,,,,0.2079,3.8989,,,,,,,,0.1157,,
755,,,,0.2038,3.7696,,,,,,,,0.1125,,
756,,,,0.1996,3.6818,,,,,,,,0.1096,,
757,,,,0.1954,3.6924,,,,,,,,0.1063,,
758,,,,0.1913,3.7235,,,,,,,,0.1045,,
759,,,,0.1871,3.7046,,,,,,,,0.1011,,
760,,,,0.183,3.6511,,,,,,,,0.1005,0.109,
761,,,,0.1789,3.5868,,,,,,,,0.0944,0.1357,
762,,,,0.1748,3.5315,,,,,,,,0.0956,0.1624,
763,,,,0.1707,3.4938,,,,,,,,0.0924,0.1891,
764,,,,0.1668,3.4516,,,,,,,,0.0908,0.2158,
765,,,,0.163,3.383,,,,,,,,0.086,0.2425,
766,,,,0.1593,3.2803,,,,,,,,0.0827,0.2692,
767,,,,0.1557,3.1498,,,,,,,,0.0829,0.2959,
768,,,,0.1523,3.0432,,,,,,,,0.0811,0.3226,
769,,,,0.1491,2.9916,,,,,,,,0.0792,0.3493,
770,,,,0.1461,2.9626,,,,,,,,0.0768,0.376,
771,,,,0.1432,2.9511,,,,,,,,0.0755,0.361,
772,,,,0.1404,2.9263,,,,,,,,0.0718,0.346,
773,,,,0.1377,2.8607,,,,,,,,0.0718,0.331,
774,,,,0.1351,2.7721,,,,,,,,0.0667,0.316,
775,,,,0.1325,2.6553,,,,,,,,0.067,0.301,
776,,,,0.13,2.5186,,,,,,,,0.0657,0.286,
777,,,,0.1276,2.3772,,,,,,,,0.0643,0.271,
778,,,,0.1251,2.2558,,,,,,,,0.0611,0.256,
779,,,,0.1227,2.1785,,,,,,,,0.0616,0.241,
780,,,,0.1203,2.1352,,,,,,,,0.0578,0.226,
781,,,,0.1179,2.1177,,,,,,,,0.057,0.2307,
782,,,,0.1156,2.1048,,,,,,,,0.0553,0.2354,
783,,,,0.1132,2.0798,,,,,,,,0.0558,0.2401,
784,,,,0.1109,2.0464,,,,,,,,0.0522,0.2448,
785,,,,0.1087,1.9894,,,,,,,,0.0511,0.2495,
786,,,,0.1064,1.9241,,,,,,,,0.0503,0.2542,
787,,,,0.1042,1.8539,,,,,,,,0.0492,0.2589,
788,,,,0.102,1.7979,,,,,,,,0.0466,0.2636,
789,,,,0.0999,1.7951,,,,,,,,0.0457,0.2683,
790,,,,0.0978,1.8213,,,,,,,,0.0463,0.273,
791,,,,0.0958,1.8467,,,,,,,,0.0434,0.2615,
792,,,,0.0938,1.8503,,,,,,,,0.042,0.25,
793,,,,0.0918,1.8152,,,,,,,,0.0413,0.2385,
794,,,,0.0899,1.7492,,,,,,,,0.04,0.227,
795,,,,0.0881,1.6601,,,,,,,,0.039,0.2155,
796,,,,0.0863,1.5731,,,,,,,,0.0382,0.204,
797,,,,0.0846,1.4934,,,,,,,,0.0376,0.1925,
798,,,,0.0829,1.4158,,,,,,,,0.0368,0.181,
799,,,,0.0812,1.3644,,,,,,,,0.0357,0.1695,
800,,,,0.0796,1.3364,,,,,,,,0.0359,0.158,
801,,,,0.078,1.3211,,,,,,,,0.0347,0.1528,
802,,,,,1.3117,,,,,,,,0.0339,0.1476,
803,,,,,1.3016,,,,,,,,0.0313,0.1424,
804,,,,,1.2662,,,,,,,,0.0326,0.1372,
805,,,,,1.1847,,,,,,,,0.0316,0.132,
806,,,,,1.0968,,,,,,,,0.0301,0.1268,
807,,,,,1.0302,,,,,,,,0.0285,0.1216,
808,,,,,0.9666,,,,,,,,0.0292,0.1164,
809,,,,,0.9005,,,,,,,,0.0282,0.1112,
810,,,,,0.8364,,,,,,,,0.027,0.106,
811,,,,,0.7784,,,,,,,,0.0263,0.1006,
812,,,,,0.7255,,,,,,,,0.0274,0.0952,
813,,,,,0.6706,,,,,,,,0.0257,0.0898,
814,,,,,0.6217,,,,,,,,0.0256,0.0844,
815,,,,,0.586,,,,,,,,0.0242,0.079,
816,,,,,0.5592,,,,,,,,0.0245,0.0736,
817,,,,,0.5374,,,,,,,,0.0234,0.0682,
818,,,,,0.52,,,,,,,,0.023,0.0628,
819,,,,,0.5012,,,,,,,,0.0236,0.0574,
820,,,,,0.4771,,,,,,,,0.022,0.052,
821,,,,,0.4455,,,,,,,,0.0227,0.0494,
822,,,,,0.4143,,,,,,,,0.0227,0.0468,
823,,,,,0.3837,,,,,,,,0.022,0.0442,
824,,,,,0.3573,,,,,,,,0.0206,0.0416,
825,,,,,0.3419,,,,,,,,0.021,0.039,
826,,,,,0.3321,,,,,,,,0.0195,0.0364,
827,,,,,0.3244,,,,,,,,0.02,0.0338,
828,,,,,0.3191,,,,,,,,0.0192,0.0312,
829,,,,,0.3117,,,,,,,,0.0189,0.0286,
830,,,,,0.3003,,,,,,,,0.0196,0.026,
831,,,,,0.2847,,,,,,,,0.0189,0.0247,
832,,,,,0.271,,,,,,,,0.019,0.0234,
833,,,,,0.2634,,,,,,,,0.0187,0.0221,
834,,,,,0.2577,,,,,,,,0.0194,0.0208,
835,,,,,0.2504,,,,,,,,0.0173,0.0195,
836,,,,,0.2392,,,,,,,,0.0173,0.0182,
837,,,,,0.2216,,,,,,,,0.0168,0.0169,
838,,,,,0.2049,,,,,,,,0.0178,0.0156,
839,,,,,0.1941,,,,,,,,0.0166,0.0143,
840,,,,,0.1881,,,,,,,,0.0171,0.013,
841,,,,,0.1864,,,,,,,,0.0151,0.0123,
842,,,,,0.1862,,,,,,,,0.0155,0.0116,
843,,,,,0.1866,,,,,,,,0.0165,0.0109,
844,,,,,0.1864,,,,,,,,0.0163,0.0102,
845,,,,,0.1813,,,,,,,,0.015,0.0095,
846,,,,,0.1743,,,,,,,,0.014,0.0088,
847,,,,,0.1684,,,,,,,,0.0136,0.0081,
848,,,,,0.1625,,,,,,,,0.0157,0.0074,
849,,,,,0.156,,,,,,,,0.0168,0.0067,
850,,,,,0.1511,,,,,,,,0.0177,0.006,
851,,,,,0.1499,,,,,,,,,0.0058,
852,,,,,0.1488,,,,,,,,,0.0056,
853,,,,,0.1457,,,,,,,,,0.0054,
854,,,,,0.1427,,,,,,,,,0.0052,
855,,,,,0.1401,,,,,,,,,0.005,
856,,,,,0.1367,,,,,,,,,0.0048,
857,,,,,0.1316,,,,,,,,,0.0046,
858,,,,,0.1263,,,,,,,,,0.0044,
859,,,,,0.1224,,,,,,,,,0.0042,
860,,,,,0.1196,,,,,,,,,0.004,
861,,,,,0.1174,,,,,,,,,0.0041,
862,,,,,0.1153,,,,,,,,,0.0042,
863,,,,,0.1128,,,,,,,,,0.0043,
864,,,,,0.1103,,,,,,,,,0.0044,
865,,,,,0.1084,,,,,,,,,0.0045,
866,,,,,0.1074,,,,,,,,,0.0046,
867,,,,,0.1059,,,,,,,,,0.0047,
868,,,,,0.1047,,,,,,,,,0.0048,
869,,,,,0.1053,,,,,,,,,0.0049,
870,,,,,0.1075,,,,,,,,,0.005,
871,,,,,0.1108,,,,,,,,,0.0046,
872,,,,,0.1149,,,,,,,,,0.0042,
873,,,,,0.1187,,,,,,,,,0.0038,
874,,,,,0.1207,,,,,,,,,0.0034,
875,,,,,0.12,,,,,,,,,0.003,
876,,,,,0.119,,,,,,,,,0.0026,
877,,,,,0.1198,,,,,,,,,0.0022,
878,,,,,0.1208,,,,,,,,,0.0018,
879,,,,,0.1206,,,,,,,,,0.0014,
880,,,,,0.1194,,,,,,,,,0.001,
881,,,,,0.118,,,,,,,,,0.0011,
882,,,,,0.117,,,,,,,,,0.0012,
883,,,,,0.1167,,,,,,,,,0.0013,
884,,,,,0.1171,,,,,,,,,0.0014,
885,,,,,0.1188,,,,,,,,,0.0015,
886,,,,,0.1199,,,,,,,,,0.0016,
887,,,,,0.1188,,,,,,,,,0.0017,
888,,,,,0.1169,,,,,,,,,0.0018,
889,,,,,0.115,,,,,,,,,0.0019,
890,,,,,0.1122,,,,,,,,,0.002,
891,,,,,0.1071,,,,,,,,,0.002,
892,,,,,0.1019,,,,,,,,,0.002,
893,,,,,0.0994,,,,,,,,,0.002,
894,,,,,0.0983,,,,,,,,,0.002,
895,,,,,0.0967,,,,,,,,,0.002,
896,,,,,0.0951,,,,,,,,,0.002,
897,,,,,0.0937,,,,,,,,,0.002,
898,,,,,0.0916,,,,,,,,,0.002,
899,,,,,0.0877,,,,,,,,,0.002,
900,,,,,0.0843,,,,,,,,,0.002,
901,,,,,0.0831,,,,,,,,,0.002,
902,,,,,0.0819,,,,,,,,,0.002,
903,,,,,0.0797,,,,,,,,,0.002,
904,,,,,0.0776,,,,,,,,,0.002,
905,,,,,0.0766,,,,,,,,,0.002,
906,,,,,0.0762,,,,,,,,,0.002,
907,,,,,0.0765,,,,,,,,,0.002,
908,,,,,0.0769,,,,,,,,,0.002,
909,,,,,0.0766,,,,,,,,,0.002,
910,,,,,0.0757,,,,,,,,,0.002,
911,,,,,0.0744,,,,,,,,,0.0019,
912,,,,,0.0733,,,,,,,,,0.0018,
913,,,,,0.0728,,,,,,,,,0.0017,
914,,,,,0.0724,,,,,,,,,0.0016,
915,,,,,0.0712,,,,,,,,,0.0015,
916,,,,,0.0693,,,,,,,,,0.0014,
917,,,,,0.0668,,,,,,,,,0.0013,
918,,,,,0.0644,,,,,,,,,0.0012,
919,,,,,0.0627,,,,,,,,,0.0011,
920,,,,,0.0615,,,,,,,,,0.001,
921,,,,,0.0608,,,,,,,,,0.0009,
922,,,,,0.0605,,,,,,,,,0.0008,
923,,,,,0.0606,,,,,,,,,0.0007,
924,,,,,0.0613,,,,,,,,,0.0006,
925,,,,,0.0627,,,,,,,,,0.0005,
926,,,,,0.0642,,,,,,,,,0.0004,
927,,,,,0.065,,,,,,,,,0.0003,
928,,,,,0.0653,,,,,,,,,0.0002,
929,,,,,0.0651,,,,,,,,,0.0001,
930,,,,,0.065,,,,,,,,,0.0,
931,,,,,0.0652,,,,,,,,,0.0003,
932,,,,,0.0657,,,,,,,,,0.0006,
933,,,,,0.067,,,,,,,,,0.0009,
934,,,,,0.0682,,,,,,,,,0.0012,
935,,,,,0.0685,,,,,,,,,0.0015,
936,,,,,0.0682,,,,,,,,,0.0018,
937,,,,,0.0672,,,,,,,,,0.0021,
938,,,,,0.0659,,,,,,,,,0.0024,
939,,,,,0.0647,,,,,,,,,0.0027,
940,,,,,0.0642,,,,,,,,,0.003,
941,,,,,0.0656,,,,,,,,,0.0029,
942,,,,,0.0675,,,,,,,,,0.0028,
943,,,,,0.0687,,,,,,,,,0.0027,
944,,,,,0.0692,,,,,,,,,0.0026,
945,,,,,0.0682,,,,,,,,,0.0025,
946,,,,,0.0669,,,,,,,,,0.0024,
947,,,,,0.0664,,,,,,,,,0.0023,
948,,,,,0.0667,,,,,,,,,0.0022,
949,,,,,0.0683,,,,,,,,,0.0021,
950,,,,,0.0704,,,,,,,,,0.002,
951,,,,,0.0724,,,,,,,,,0.0018,
952,,,,,0.074,,,,,,,,,0.0016,
953,,,,,0.0743,,,,,,,,,0.0014,
954,,,,,0.0742,,,,,,,,,0.0012,
955,,,,,0.0741,,,,,,,,,0.001,
956,,,,,0.074,,,,,,,,,0.0008,
957,,,,,0.0736,,,,,,,,,0.0006,
958,,,,,0.0737,,,,,,,,,0.0004,
959,,,,,0.0755,,,,,,,,,0.0002,
960,,,,,0.0779,,,,,,,,,0.0,
961,,,,,0.0798,,,,,,,,,0.0,
962,,,,,0.0815,,,,,,,,,0.0,
963,,,,,0.0827,,,,,,,,,0.0,
964,,,,,0.0835,,,,,,,,,0.0,
965,,,,,0.0835,,,,,,,,,0.0,
966,,,,,0.0838,,,,,,,,,0.0,
967,,,,,0.0857,,,,,,,,,0.0,
968,,,,,0.0881,,,,,,,,,0.0,
969,,,,,0.091,,,,,,,,,0.0,
970,,,,,0.0939,,,,,,,,,0.0,
971,,,,,0.0963,,,,,,,,,0.0,
972,,,,,0.0978,,,,,,,,,0.0,
973,,,,,0.0984,,,,,,,,,0.0,
974,,,,,0.0984,,,,,,,,,0.0,
975,,,,,0.0979,,,,,,,,,0.0,
976,,,,,0.0975,,,,,,,,,0.0,
977,,,,,0.0979,,,,,,,,,0.0,
978,,,,,0.0986,,,,,,,,,0.0,
979,,,,,0.0984,,,,,,,,,0.0,
980,,,,,0.0987,,,,,,,,,0.0,
981,,,,,0.1012,,,,,,,,,0.0007,
982,,,,,0.1046,,,,,,,,,0.0014,
983,,,,,0.1075,,,,,,,,,0.0021,
984,,,,,0.1102,,,,,,,,,0.0028,
985,,,,,0.1127,,,,,,,,,0.0035,
986,,,,,0.1143,,,,,,,,,0.0042,
987,,,,,0.1141,,,,,,,,,0.0049,
988,,,,,0.1141,,,,,,,,,0.0056,
989,,,,,0.1157,,,,,,,,,0.0063,
990,,,,,0.1177,,,,,,,,,0.007,
991,,,,,0.1198,,,,,,,,,0.007,
992,,,,,0.1221,,,,,,,,,0.007,
993,,,,,0.1245,,,,,,,,,0.007,
994,,,,,0.1267,,,,,,,,,0.007,
995,,,,,0.1281,,,,,,,,,0.007,
996,,,,,0.1298,,,,,,,,,0.007,
997,,,,,0.133,,,,,,,,,0.007,
998,,,,,0.1372,,,,,,,,,0.007,
999,,,,,0.1412,,,,,,,,,0.007,
1000,,,,,0.1452,,,,,,,,,0.007,
1001,,,,,0.1492,,,,,,,,,0.0107,
1002,,,,,0.1534,,,,,,,,,0.0144,
1003,,,,,0.1578,,,,,,,,,0.0181,
1004,,,,,0.1631,,,,,,,,,0.0218,
1005,,,,,0.1704,,,,,,,,,0.0255,
1006,,,,,0.1774,,,,,,,,,0.0292,
1007,,,,,0.1823,,,,,,,,,0.0329,
1008,,,,,0.1859,,,,,,,,,0.0366,
1009,,,,,0.1879,,,,,,,,,0.0403,
1010,,,,,0.1902,,,,,,,,,0.044,
1011,,,,,0.1942,,,,,,,,,0.0462,
1012,,,,,0.2011,,,,,,,,,0.0484,
1013,,,,,0.2122,,,,,,,,,0.0506,
1014,,,,,0.2253,,,,,,,,,0.0528,
1015,,,,,0.2379,,,,,,,,,0.055,
1016,,,,,0.25,,,,,,,,,0.0572,
1017,,,,,0.2616,,,,,,,,,0.0594,
1018,,,,,0.2731,,,,,,,,,0.0616,
1019,,,,,0.284,,,,,,,,,0.0638,
1020,,,,,0.295,,,,,,,,,0.066,
1021,,,,,0.3066,,,,,,,,,0.0707,
1022,,,,,0.3179,,,,,,,,,0.0754,
1023,,,,,0.3296,,,,,,,,,0.0801,
1024,,,,,0.3412,,,,,,,,,0.0848,
1025,,,,,0.3505,,,,,,,,,0.0895,
1026,,,,,0.3585,,,,,,,,,0.0942,
1027,,,,,0.3675,,,,,,,,,0.0989,
1028,,,,,0.3766,,,,,,,,,0.1036,
1029,,,,,0.3835,,,,,,,,,0.1083,
1030,,,,,0.391,,,,,,,,,0.113,
1031,,,,,0.4038,,,,,,,,,0.1183,
1032,,,,,0.4166,,,,,,,,,0.1236,
1033,,,,,0.4229,,,,,,,,,0.1289,
1034,,,,,0.428,,,,,,,,,0.1342,
1035,,,,,0.4377,,,,,,,,,0.1395,
1036,,,,,0.4478,,,,,,,,,0.1448,
1037,,,,,0.4559,,,,,,,,,0.1501,
1038,,,,,0.464,,,,,,,,,0.1554,
1039,,,,,0.4694,,,,,,,,,0.1607,
1040,,,,,0.4731,,,,,,,,,0.166,
1041,,,,,0.4817,,,,,,,,,0.1807,
1042,,,,,0.4939,,,,,,,,,0.1954,
1043,,,,,0.5034,,,,,,,,,0.2101,
1044,,,,,0.511,,,,,,,,,0.2248,
1045,,,,,0.52,,,,,,,,,0.2395,
1046,,,,,0.5273,,,,,,,,,0.2542,
1047,,,,,0.5309,,,,,,,,,0.2689,
1048,,,,,0.5373,,,,,,,,,0.2836,
1049,,,,,0.5482,,,,,,,,,0.2983,
1050,,,,,0.5579,,,,,,,,,0.313,
1051,,,,,0.5668,,,,,,,,,0.3276,
1052,,,,,0.5778,,,,,,,,,0.3422,
1053,,,,,0.5868,,,,,,,,,0.3568,
1054,,,,,0.5968,,,,,,,,,0.3714,
1055,,,,,0.6146,,,,,,,,,0.386,
1056,,,,,0.6328,,,,,,,,,0.4006,
1057,,,,,0.6456,,,,,,,,,0.4152,
1058,,,,,0.6553,,,,,,,,,0.4298,
1059,,,,,0.6607,,,,,,,,,0.4444,
1060,,,,,0.6595,,,,,,,,,0.459,
1061,,,,,0.651,,,,,,,,,0.4714,
1062,,,,,0.6464,,,,,,,,,0.4838,
1063,,,,,0.6564,,,,,,,,,0.4962,
1064,,,,,0.6726,,,,,,,,,0.5086,
1065,,,,,0.6892,,,,,,,,,0.521,
1066,,,,,0.7033,,,,,,,,,0.5334,
1067,,,,,0.7111,,,,,,,,,0.5458,
1068,,,,,0.7162,,,,,,,,,0.5582,
1069,,,,,0.7208,,,,,,,,,0.5706,
1070,,,,,0.7264,,,,,,,,,0.583,
1071,,,,,0.736,,,,,,,,,0.5986,
1072,,,,,0.743,,,,,,,,,0.6142,
1073,,,,,0.7383,,,,,,,,,0.6298,
1074,,,,,0.7316,,,,,,,,,0.6454,
1075,,,,,0.7379,,,,,,,,,0.661,
1076,,,,,0.7488,,,,,,,,,0.6766,
1077,,,,,0.7495,,,,,,,,,0.6922,
1078,,,,,0.748,,,,,,,,,0.7078,
1079,,,,,0.7563,,,,,,,,,0.7234,
1080,,,,,0.7662,,,,,,,,,0.739,
1081,,,,,0.7693,,,,,,,,,0.7436,
1082,,,,,0.7762,,,,,,,,,0.7482,
1083,,,,,0.7915,,,,,,,,,0.7528,
1084,,,,,0.803,,,,,,,,,0.7574,
1085,,,,,0.8059,,,,,,,,,0.762,
1086,,,,,0.8125,,,,,,,,,0.7666,
1087,,,,,0.8315,,,,,,,,,0.7712,
1088,,,,,0.8488,,,,,,,,,0.7758,
1089,,,,,0.8533,,,,,,,,,0.7804,
1090,,,,,0.8468,,,,,,,,,0.785,
1091,,,,,0.8268,,,,,,,,,0.8048,
1092,,,,,0.8072,,,,,,,,,0.8246,
1093,,,,,0.7981,,,,,,,,,0.8444,
1094,,,,,0.8035,,,,,,,,,0.8642,
1095,,,,,0.836,,,,,,,,,0.884,
1096,,,,,0.8759,,,,,,,,,0.9038,
1097,,,,,0.8972,,,,,,,,,0.9236,
1098,,,,,0.9097,,,,,,,,,0.9434,
1099,,,,,0.9264,,,,,,,,,0.9632,
1100,,,,,0.9427,,,,,,,,,0.983,
1101,,,,,0.9535,,,,,,,,,0.9847,
1102,,,,,0.9607,,,,,,,,,0.9864,
1103,,,,,0.9634,,,,,,,,,0.9881,
1104,,,,,0.9537,,,,,,,,,0.9898,
1105,,,,,0.9317,,,,,,,,,0.9915,
1106,,,,,0.9168,,,,,,,,,0.9932,
1107,,,,,0.9205,,,,,,,,,0.9949,
1108,,,,,0.932,,,,,,,,,0.9966,
1109,,,,,0.9477,,,,,,,,,0.9983,
1110,,,,,0.9627,,,,,,,,,1.0,
1111,,,,,0.9763,,,,,,,,,0.9935,
1112,,,,,0.9863,,,,,,,,,0.987,
1113,,,,,0.978,,,,,,,,,0.9805,
1114,,,,,0.9609,,,,,,,,,0.974,
1115,,,,,0.9521,,,,,,,,,0.9675,
1116,,,,,0.9497,,,,,,,,,0.961,
1117,,,,,0.9491,,,,,,,,,0.9545,
1118,,,,,0.9545,,,,,,,,,0.948,
1119,,,,,0.9703,,,,,,,,,0.9415,
1120,,,,,0.9815,,,,,,,,,0.935,
1121,,,,,0.9783,,,,,,,,,0.9357,
1122,,,,,0.977,,,,,,,,,0.9364,
1123,,,,,0.9851,,,,,,,,,0.9371,
1124,,,,,0.9914,,,,,,,,,0.9378,
1125,,,,,0.9931,,,,,,,,,0.9385,
1126,,,,,0.9911,,,,,,,,,0.9392,
1127,,,,,0.9786,,,,,,,,,0.9399,
1128,,,,,0.9663,,,,,,,,,0.9406,
1129,,,,,0.9701,,,,,,,,,0.9413,
1130,,,,,0.9808,,,,,,,,,0.942,
1131,,,,,0.992,,,,,,,,,0.9283,
1132,,,,,1.0,,,,,,,,,0.9146,
1133,,,,,0.9991,,,,,,,,,0.9009,
1134,,,,,0.9861,,,,,,,,,0.8872,
1135,,,,,0.9606,,,,,,,,,0.8735,
1136,,,,,0.9358,,,,,,,,,0.8598,
1137,,,,,0.9197,,,,,,,,,0.8461,
1138,,,,,0.9073,,,,,,,,,0.8324,
1139,,,,,0.899,,,,,,,,,0.8187,
1140,,,,,0.8927,,,,,,,,,0.805,
1141,,,,,0.8866,,,,,,,,,0.795,
1142,,,,,0.8823,,,,,,,,,0.785,
1143,,,,,0.8771,,,,,,,,,0.775,
1144,,,,,0.87,,,,,,,,,0.765,
1145,,,,,0.8611,,,,,,,,,0.755,
1146,,,,,0.8533,,,,,,,,,0.745,
1147,,,,,0.8472,,,,,,,,,0.735,
1148,,,,,0.8446,,,,,,,,,0.725,
1149,,,,,0.8468,,,,,,,,,0.715,
1150,,,,,0.851,,,,,,,,,0.705,
1151,,,,,0.8548,,,,,,,,,0.7097,
1152,,,,,0.8605,,,,,,,,,0.7144,
1153,,,,,0.8689,,,,,,,,,0.7191,
1154,,,,,0.8771,,,,,,,,,0.7238,
1155,,,,,0.8821,,,,,,,,,0.7285,
1156,,,,,0.8849,,,,,,,,,0.7332,
1157,,,,,0.8862,,,,,,,,,0.7379,
1158,,,,,0.8872,,,,,,,,,0.7426,
1159,,,,,0.8883,,,,,,,,,0.7473,
1160,,,,,0.8911,,,,,,,,,0.752,
1161,,,,,0.8991,,,,,,,,,0.7596,
1162,,,,,0.9084,,,,,,,,,0.7672,
1163,,,,,0.915,,,,,,,,,0.7748,
1164,,,,,0.9195,,,,,,,,,0.7824,
1165,,,,,0.9229,,,,,,,,,0.79,
1166,,,,,0.9233,,,,,,,,,0.7976,
1167,,,,,0.9185,,,,,,,,,0.8052,
1168,,,,,0.9124,,,,,,,,,0.8128,
1169,,,,,0.909,,,,,,,,,0.8204,
1170,,,,,0.906,,,,,,,,,0.828,
1171,,,,,0.9031,,,,,,,,,0.8116,
1172,,,,,0.902,,,,,,,,,0.7952,
1173,,,,,0.9042,,,,,,,,,0.7788,
1174,,,,,0.9059,,,,,,,,,0.7624,
1175,,,,,0.903,,,,,,,,,0.746,
1176,,,,,0.8986,,,,,,,,,0.7296,
1177,,,,,0.8963,,,,,,,,,0.7132,
1178,,,,,0.8947,,,,,,,,,0.6968,
1179,,,,,0.892,,,,,,,,,0.6804,
1180,,,,,0.889,,,,,,,,,0.664,
1181,,,,,0.8872,,,,,,,,,0.6547,
1182,,,,,0.8844,,,,,,,,,0.6454,
1183,,,,,0.8792,,,,,,,,,0.6361,
1184,,,,,0.8745,,,,,,,,,0.6268,
1185,,,,,0.8731,,,,,,,,,0.6175,
1186,,,,,0.8714,,,,,,,,,0.6082,
1187,,,,,0.8666,,,,,,,,,0.5989,
1188,,,,,0.8607,,,,,,,,,0.5896,
1189,,,,,0.8549,,,,,,,,,0.5803,
1190,,,,,0.8492,,,,,,,,,0.571,
1191,,,,,0.844,,,,,,,,,0.5688,
1192,,,,,0.8397,,,,,,,,,0.5666,
1193,,,,,0.8365,,,,,,,,,0.5644,
1194,,,,,0.8334,,,,,,,,,0.5622,
1195,,,,,0.8297,,,,,,,,,0.56,
1196,,,,,0.826,,,,,,,,,0.5578,
1197,,,,,0.8226,,,,,,,,,0.5556,
1198,,,,,0.8189,,,,,,,,,0.5534,
1199,,,,,0.8136,,,,,,,,,0.5512,
1200,,,,,0.8077,,,,,,,,,0.549,
1201,,,,,0.8022,,,,,,,,,0.5315,
1202,,,,,0.798,,,,,,,,,0.514,
1203,,,,,0.7977,,,,,,,,,0.4965,
1204,,,,,0.7982,,,,,,,,,0.479,
1205,,,,,0.7942,,,,,,,,,0.4615,
1206,,,,,0.7879,,,,,,,,,0.444,
1207,,,,,0.7862,,,,,,,,,0.4265,
1208,,,,,0.7836,,,,,,,,,0.409,
1209,,,,,0.7706,,,,,,,,,0.3915,
1210,,,,,0.7538,,,,,,,,,0.374,
1211,,,,,0.7424,,,,,,,,,0.3548,
1212,,,,,0.7319,,,,,,,,,0.3356,
1213,,,,,0.7218,,,,,,,,,0.3164,
1214,,,,,0.7146,,,,,,,,,0.2972,
1215,,,,,0.7087,,,,,,,,,0.278,
1216,,,,,0.6971,,,,,,,,,0.2588,
1217,,,,,0.6802,,,,,,,,,0.2396,
1218,,,,,0.6621,,,,,,,,,0.2204,
1219,,,,,0.6373,,,,,,,,,0.2012,
1220,,,,,0.6126,,,,,,,,,0.182,
1221,,,,,0.5992,,,,,,,,,0.1745,
1222,,,,,0.5905,,,,,,,,,0.167,
1223,,,,,0.5781,,,,,,,,,0.1595,
1224,,,,,0.5713,,,,,,,,,0.152,
1225,,,,,0.5774,,,,,,,,,0.1445,
1226,,,,,0.5842,,,,,,,,,0.137,
1227,,,,,0.5807,,,,,,,,,0.1295,
1228,,,,,0.5791,,,,,,,,,0.122,
1229,,,,,0.5881,,,,,,,,,0.1145,
1230,,,,,0.5974,,,,,,,,,0.107,
1231,,,,,0.6018,,,,,,,,,0.0997,
1232,,,,,0.6011,,,,,,,,,0.0924,
1233,,,,,0.5909,,,,,,,,,0.0851,
1234,,,,,0.5726,,,,,,,,,0.0778,
1235,,,,,0.5474,,,,,,,,,0.0705,
1236,,,,,0.5255,,,,,,,,,0.0632,
1237,,,,,0.5172,,,,,,,,,0.0559,
1238,,,,,0.5187,,,,,,,,,0.0486,
1239,,,,,0.5315,,,,,,,,,0.0413,
1240,,,,,0.5436,,,,,,,,,0.034,
1241,,,,,0.5436,,,,,,,,,0.0318,
1242,,,,,0.5331,,,,,,,,,0.0296,
1243,,,,,0.5103,,,,,,,,,0.0274,
1244,,,,,0.4823,,,,,,,,,0.0252,
1245,,,,,0.455,,,,,,,,,0.023,
1246,,,,,0.4321,,,,,,,,,0.0208,
1247,,,,,0.4212,,,,,,,,,0.0186,
1248,,,,,0.4147,,,,,,,,,0.0164,
1249,,,,,0.4055,,,,,,,,,0.0142,
1250,,,,,0.3948,,,,,,,,,0.012,
1251,,,,,0.382,,,,,,,,,0.0108,
1252,,,,,0.3687,,,,,,,,,0.0096,
1253,,,,,0.3547,,,,,,,,,0.0084,
1254,,,,,0.3437,,,,,,,,,0.0072,
1255,,,,,0.3388,,,,,,,,,0.006,
1256,,,,,0.3351,,,,,,,,,0.0048,
1257,,,,,0.3286,,,,,,,,,0.0036,
1258,,,,,0.3228,,,,,,,,,0.0024,
1259,,,,,0.321,,,,,,,,,0.0012,
1260,,,,,0.3199,,,,,,,,,0.0,
1261,,,,,0.3162,,,,,,,,,0.0,
1262,,,,,0.3106,,,,,,,,,0.0,
1263,,,,,0.3039,,,,,,,,,0.0,
1264,,,,,0.2953,,,,,,,,,0.0,
1265,,,,,0.2852,,,,,,,,,0.0,
1266,,,,,0.2754,,,,,,,,,0.0,
1267,,,,,0.2663,,,,,,,,,0.0,
1268,,,,,0.2562,,,,,,,,,0.0,
1269,,,,,0.2453,,,,,,,,,0.0,
1270,,,,,0.2347,,,,,,,,,0.0,
1271,,,,,0.2244,,,,,,,,,0.0,
1272,,,,,0.2148,,,,,,,,,0.0,
1273,,,,,0.2064,,,,,,,,,0.0,
1274,,,,,0.1981,,,,,,,,,0.0,
1275,,,,,0.189,,,,,,,,,0.0,
1276,,,,,0.1805,,,,,,,,,0.0,
1277,,,,,0.1726,,,,,,,,,0.0,
1278,,,,,0.1649,,,,,,,,,0.0,
1279,,,,,0.1573,,,,,,,,,0.0,
1280,,,,,0.1501,,,,,,,,,0.0,
1281,,,,,0.1432,,,,,,,,,0.0,
1282,,,,,0.1371,,,,,,,,,0.0,
1283,,,,,0.1323,,,,,,,,,0.0,
1284,,,,,0.1279,,,,,,,,,0.0,
1285,,,,,0.1227,,,,,,,,,0.0,
1286,,,,,0.1177,,,,,,,,,0.0,
1287,,,,,0.1132,,,,,,,,,0.0,
1288,,,,,0.1092,,,,,,,,,0.0,
1289,,,,,0.1058,,,,,,,,,0.0,
1290,,,,,0.1031,,,,,,,,,,
1291,,,,,0.1012,,,,,,,,,,
1292,,,,,0.0991,,,,,,,,,,
1293,,,,,0.0955,,,,,,,,,,
1294,,,,,0.0919,,,,,,,,,,
1295,,,,,0.0901,,,,,,,,,,
1296,,,,,0.0892,,,,,,,,,,
1297,,,,,0.0876,,,,,,,,,,
1298,,,,,0.0857,,,,,,,,,,
1299,,,,,0.0839,,,,,,,,,,
1300,,,,,0.0814,,,,,,,,,,
1301,,,,,0.0779,,,,,,,,,,
1302,,,,,0.0749,,,,,,,,,,
1303,,,,,0.0733,,,,,,,,,,
1304,,,,,0.0715,,,,,,,,,,
1305,,,,,0.0684,,,,,,,,,,
1306,,,,,0.0649,,,,,,,,,,
1307,,,,,0.0614,,,,,,,,,,
1308,,,,,0.0578,,,,,,,,,,
1309,,,,,0.054,,,,,,,,,,
1310,,,,,0.0501,,,,,,,,,,
1311,,,,,0.0467,,,,,,,,,,
1312,,,,,0.0436,,,,,,,,,,
1313,,,,,0.0406,,,,,,,,,,
1314,,,,,0.0378,,,,,,,,,,
1315,,,,,0.0353,,,,,,,,,,
1316,,,,,0.0329,,,,,,,,,,
1317,,,,,0.0305,,,,,,,,,,
1318,,,,,0.0283,,,,,,,,,,
1319,,,,,0.0261,,,,,,,,,,
1320,,,,,0.0241,,,,,,,,,,
1321,,,,,0.0223,,,,,,,,,,
1322,,,,,0.0207,,,,,,,,,,
1323,,,,,0.0192,,,,,,,,,,
1324,,,,,0.0179,,,,,,,,,,
1325,,,,,0.0168,,,,,,,,,,
1326,,,,,0.0159,,,,,,,,,,
1327,,,,,0.0148,,,,,,,,,,
1328,,,,,0.0139,,,,,,,,,,
1329,,,,,0.0131,,,,,,,,,,
1330,,,,,0.0123,,,,,,,,,,
1331,,,,,0.0116,,,,,,,,,,
1332,,,,,0.0109,,,,,,,,,,
1333,,,,,0.0103,,,,,,,,,,
1334,,,,,0.0098,,,,,,,,,,
1335,,,,,0.0093,,,,,,,,,,
1336,,,,,0.0089,,,,,,,,,,
1337,,,,,0.0083,,,,,,,,,,
1338,,,,,0.0077,,,,,,,,,,
1339,,,,,0.0072,,,,,,,,,,
1340,,,,,0.0068,,,,,,,,,,
1341,,,,,0.0064,,,,,,,,,,
1342,,,,,0.0061,,,,,,,,,,
1343,,,,,0.0058,,,,,,,,,,
1344,,,,,0.0055,,,,,,,,,,
1345,,,,,0.0052,,,,,,,,,,
1346,,,,,0.005,,,,,,,,,,
1347,,,,,0.0048,,,,,,,,,,
1348,,,,,0.0046,,,,,,,,,,
1349,,,,,0.0044,,,,,,,,,,
1350,,,,,0.0042,,,,,,,,,,
1351,,,,,0.0039,,,,,,,,,,
1352,,,,,0.0037,,,,,,,,,,
1353,,,,,0.0035,,,,,,,,,,
1354,,,,,0.0033,,,,,,,,,,
1355,,,,,0.0032,,,,,,,,,,
1356,,,,,0.0031,,,,,,,,,,
1357,,,,,0.003,,,,,,,,,,
1358,,,,,0.0028,,,,,,,,,,
1359,,,,,0.0027,,,,,,,,,,
1360,,,,,0.0026,,,,,,,,,,
1361,,,,,0.0025,,,,,,,,,,
1362,,,,,0.0024,,,,,,,,,,
1363,,,,,0.0022,,,,,,,,,,
1364,,,,,0.0021,,,,,,,,,,
1365,,,,,0.002,,,,,,,,,,
1366,,,,,0.0019,,,,,,,,,,
1367,,,,,0.0018,,,,,,,,,,
1368,,,,,0.0017,,,,,,,,,,
1369,,,,,0.0016,,,,,,,,,,
1370,,,,,0.0015,,,,,,,,,,
1371,,,,,0.0015,,,,,,,,,,
1372,,,,,0.0014,,,,,,,,,,
1373,,,,,0.0013,,,,,,,,,,
1374,,,,,0.0012,,,,,,,,,,
1375,,,,,0.0011,,,,,,,,,,
1376,,,,,0.0011,,,,,,,,,,
1377,,,,,0.001,,,,,,,,,,
1378,,,,,0.0009,,,,,,,,,,
1379,,,,,0.0009,,,,,,,,,,
1380,,,,,0.0008,,,,,,,,,,
1381,,,,,0.0008,,,,,,,,,,
1382,,,,,0.0007,,,,,,,,,,
1383,,,,,0.0007,,,,,,,,,,
1384,,,,,0.0006,,,,,,,,,,
1385,,,,,0.0005,,,,,,,,,,
1386,,,,,0.0005,,,,,,,,,,
1387,,,,,0.0005,,,,,,,,,,
1388,,,,,0.0004,,,,,,,,,,
1389,,,,,0.0004,,,,,,,,,,
1390,,,,,0.0004,,,,,,,,,,
1391,,,,,0.0004,,,,,,,,,,
1392,,,,,0.0004,,,,,,,,,,
1393,,,,,0.0003,,,,,,,,,,
1394,,,,,0.0003,,,,,,,,,,
1395,,,,,0.0003,,,,,,,,,,
1396,,,,,0.0003,,,,,,,,,,
1397,,,,,0.0003,,,,,,,,,,
1398,,,,,0.0003,,,,,,,,,,
1399,,,,,0.0003,,,,,,,,,,
1400,,,,,0.0002,,,,,,,,,,
1401,,,,,0.0002,,,,,,,,,,
1402,,,,,0.0002,,,,,,,,,,
1403,,,,,0.0002,,,,,,,,,,
